Thouars,Compostelle,Sciences Po,Arts-et-Métiers,La Médoquine,Charles Perrens,Hôpital Pellegrin,Cité administrative,Gambetta-Mériadeck,Palais de Justice,Victoire,André Meunier,Gare Saint-Jean,Deschamps,Entre-Deux-Mers,Brazza,Cenon Gare,La Morlette
05:15:00,05:16:53,05:18:20,05:20:08,05:22:02,05:23:16,05:24:33,05:26:29,05:28:50,05:29:30,05:31:09,05:32:17,05:33:13,05:36:15,05:37:52,05:39:44,05:41:42,05:43:50
05:22:00,05:23:53,05:25:20,05:27:08,05:29:02,05:30:16,05:31:33,05:33:29,05:35:50,05:36:30,05:38:09,05:39:17,05:40:13,05:43:15,05:44:52,05:46:44,05:48:42,05:50:50
05:29:00,05:30:53,05:32:20,05:34:08,05:36:02,05:37:16,05:38:33,05:40:29,05:42:50,05:43:30,05:45:09,05:46:17,05:47:13,05:50:15,05:51:52,05:53:44,05:55:42,05:57:50
05:36:00,05:37:53,05:39:20,05:41:08,05:43:02,05:44:16,05:45:33,05:47:29,05:49:50,05:50:30,05:52:09,05:53:17,05:54:13,05:57:15,05:58:52,06:00:44,06:02:42,06:04:50
05:43:00,05:44:53,05:46:20,05:48:08,05:50:02,05:51:16,05:52:33,05:54:29,05:56:50,05:57:30,05:59:09,06:00:17,06:01:13,06:04:15,06:05:52,06:07:44,06:09:42,06:11:50
05:50:00,05:51:53,05:53:20,05:55:08,05:57:02,05:58:16,05:59:33,06:01:29,06:03:50,06:04:30,06:06:09,06:07:17,06:08:13,06:11:15,06:12:52,06:14:44,06:16:42,06:18:50
05:57:00,05:58:53,06:00:20,06:02:08,06:04:02,06:05:16,06:06:33,06:08:29,06:10:50,06:11:30,06:13:09,06:14:17,06:15:13,06:18:15,06:19:52,06:21:44,06:23:42,06:25:50
06:02:00,06:03:53,06:05:20,06:07:08,06:09:02,06:10:16,06:11:33,06:13:29,06:15:50,06:16:30,06:18:09,06:19:17,06:20:13,06:23:15,06:24:52,06:26:44,06:28:42,06:30:50
06:07:00,06:08:53,06:10:20,06:12:08,06:14:02,06:15:16,06:16:33,06:18:29,06:20:50,06:21:30,06:23:09,06:24:17,06:25:13,06:28:15,06:29:52,06:31:44,06:33:42,06:35:50
06:12:00,06:13:53,06:15:20,06:17:08,06:19:02,06:20:16,06:21:33,06:23:29,06:25:50,06:26:30,06:28:09,06:29:17,06:30:13,06:33:15,06:34:52,06:36:44,06:38:42,06:40:50
06:17:00,06:18:53,06:20:20,06:22:08,06:24:02,06:25:16,06:26:33,06:28:29,06:30:50,06:31:30,06:33:09,06:34:17,06:35:13,06:38:15,06:39:52,06:41:44,06:43:42,06:45:50
06:22:00,06:23:53,06:25:20,06:27:08,06:29:02,06:30:16,06:31:33,06:33:29,06:35:50,06:36:30,06:38:09,06:39:17,06:40:13,06:43:15,06:44:52,06:46:44,06:48:42,06:50:50
06:27:00,06:28:53,06:30:20,06:32:08,06:34:02,06:35:16,06:36:33,06:38:29,06:40:50,06:41:30,06:43:09,06:44:17,06:45:13,06:48:15,06:49:52,06:51:44,06:53:42,06:55:50
06:32:00,06:33:53,06:35:20,06:37:08,06:39:02,06:40:16,06:41:33,06:43:29,06:45:50,06:46:30,06:48:09,06:49:17,06:50:13,06:53:15,06:54:52,06:56:44,06:58:42,07:00:50
06:37:00,06:38:53,06:40:20,06:42:08,06:44:02,06:45:16,06:46:33,06:48:29,06:50:50,06:51:30,06:53:09,06:54:17,06:55:13,06:58:15,06:59:52,07:01:44,07:03:42,07:05:50
06:42:00,06:43:53,06:45:20,06:47:08,06:49:02,06:50:16,06:51:33,06:53:29,06:55:50,06:56:30,06:58:09,06:59:17,07:00:13,07:03:15,07:04:52,07:06:44,07:08:42,07:10:50
06:47:00,06:48:53,06:50:20,06:52:08,06:54:02,06:55:16,06:56:33,06:58:29,07:00:50,07:01:30,07:03:09,07:04:17,07:05:13,07:08:15,07:09:52,07:11:44,07:13:42,07:15:50
06:52:00,06:53:53,06:55:20,06:57:08,06:59:02,07:00:16,07:01:33,07:03:29,07:05:50,07:06:30,07:08:09,07:09:17,07:10:13,07:13:15,07:14:52,07:16:44,07:18:42,07:20:50
06:57:00,06:58:53,07:00:20,07:02:08,07:04:02,07:05:16,07:06:33,07:08:29,07:10:50,07:11:30,07:13:09,07:14:17,07:15:13,07:18:15,07:19:52,07:21:44,07:23:42,07:25:50
07:02:00,07:03:53,07:05:20,07:07:08,07:09:02,07:10:16,07:11:33,07:13:29,07:15:50,07:16:30,07:18:09,07:19:17,07:20:13,07:23:15,07:24:52,07:26:44,07:28:42,07:30:50
07:07:00,07:08:53,07:10:20,07:12:08,07:14:02,07:15:16,07:16:33,07:18:29,07:20:50,07:21:30,07:23:09,07:24:17,07:25:13,07:28:15,07:29:52,07:31:44,07:33:42,07:35:50
07:12:00,07:13:53,07:15:20,07:17:08,07:19:02,07:20:16,07:21:33,07:23:29,07:25:50,07:26:30,07:28:09,07:29:17,07:30:13,07:33:15,07:34:52,07:36:44,07:38:42,07:40:50
07:17:00,07:18:53,07:20:20,07:22:08,07:24:02,07:25:16,07:26:33,07:28:29,07:30:50,07:31:30,07:33:09,07:34:17,07:35:13,07:38:15,07:39:52,07:41:44,07:43:42,07:45:50
07:22:00,07:23:53,07:25:20,07:27:08,07:29:02,07:30:16,07:31:33,07:33:29,07:35:50,07:36:30,07:38:09,07:39:17,07:40:13,07:43:15,07:44:52,07:46:44,07:48:42,07:50:50
07:27:00,07:28:53,07:30:20,07:32:08,07:34:02,07:35:16,07:36:33,07:38:29,07:40:50,07:41:30,07:43:09,07:44:17,07:45:13,07:48:15,07:49:52,07:51:44,07:53:42,07:55:50
07:29:30,07:31:23,07:32:50,07:34:38,07:36:32,07:37:46,07:39:03,07:40:59,07:43:20,07:44:00,07:45:39,07:46:47,07:47:43,07:50:45,07:52:22,07:54:14,07:56:12,07:58:20
07:32:00,07:33:53,07:35:20,07:37:08,07:39:02,07:40:16,07:41:33,07:43:29,07:45:50,07:46:30,07:48:09,07:49:17,07:50:13,07:53:15,07:54:52,07:56:44,07:58:42,08:00:50
07:34:30,07:36:23,07:37:50,07:39:38,07:41:32,07:42:46,07:44:03,07:45:59,07:48:20,07:49:00,07:50:39,07:51:47,07:52:43,07:55:45,07:57:22,07:59:14,08:01:12,08:03:20
07:37:00,07:38:53,07:40:20,07:42:08,07:44:02,07:45:16,07:46:33,07:48:29,07:50:50,07:51:30,07:53:09,07:54:17,07:55:13,07:58:15,07:59:52,08:01:44,08:03:42,08:05:50
07:39:30,07:41:23,07:42:50,07:44:38,07:46:32,07:47:46,07:49:03,07:50:59,07:53:20,07:54:00,07:55:39,07:56:47,07:57:43,08:00:45,08:02:22,08:04:14,08:06:12,08:08:20
07:42:00,07:43:53,07:45:20,07:47:08,07:49:02,07:50:16,07:51:33,07:53:29,07:55:50,07:56:30,07:58:09,07:59:17,08:00:13,08:03:15,08:04:52,08:06:44,08:08:42,08:10:50
07:44:30,07:46:23,07:47:50,07:49:38,07:51:32,07:52:46,07:54:03,07:55:59,07:58:20,07:59:00,08:00:39,08:01:47,08:02:43,08:05:45,08:07:22,08:09:14,08:11:12,08:13:20
07:47:00,07:48:53,07:50:20,07:52:08,07:54:02,07:55:16,07:56:33,07:58:29,08:00:50,08:01:30,08:03:09,08:04:17,08:05:13,08:08:15,08:09:52,08:11:44,08:13:42,08:15:50
07:49:30,07:51:23,07:52:50,07:54:38,07:56:32,07:57:46,07:59:03,08:00:59,08:03:20,08:04:00,08:05:39,08:06:47,08:07:43,08:10:45,08:12:22,08:14:14,08:16:12,08:18:20
07:52:00,07:53:53,07:55:20,07:57:08,07:59:02,08:00:16,08:01:33,08:03:29,08:05:50,08:06:30,08:08:09,08:09:17,08:10:13,08:13:15,08:14:52,08:16:44,08:18:42,08:20:50
07:54:30,07:56:23,07:57:50,07:59:38,08:01:32,08:02:46,08:04:03,08:05:59,08:08:20,08:09:00,08:10:39,08:11:47,08:12:43,08:15:45,08:17:22,08:19:14,08:21:12,08:23:20
07:57:00,07:58:53,08:00:20,08:02:08,08:04:02,08:05:16,08:06:33,08:08:29,08:10:50,08:11:30,08:13:09,08:14:17,08:15:13,08:18:15,08:19:52,08:21:44,08:23:42,08:25:50
07:59:30,08:01:23,08:02:50,08:04:38,08:06:32,08:07:46,08:09:03,08:10:59,08:13:20,08:14:00,08:15:39,08:16:47,08:17:43,08:20:45,08:22:22,08:24:14,08:26:12,08:28:20
08:02:00,08:03:53,08:05:20,08:07:08,08:09:02,08:10:16,08:11:33,08:13:29,08:15:50,08:16:30,08:18:09,08:19:17,08:20:13,08:23:15,08:24:52,08:26:44,08:28:42,08:30:50
08:04:30,08:06:23,08:07:50,08:09:38,08:11:32,08:12:46,08:14:03,08:15:59,08:18:20,08:19:00,08:20:39,08:21:47,08:22:43,08:25:45,08:27:22,08:29:14,08:31:12,08:33:20
08:07:00,08:08:53,08:10:20,08:12:08,08:14:02,08:15:16,08:16:33,08:18:29,08:20:50,08:21:30,08:23:09,08:24:17,08:25:13,08:28:15,08:29:52,08:31:44,08:33:42,08:35:50
08:09:30,08:11:23,08:12:50,08:14:38,08:16:32,08:17:46,08:19:03,08:20:59,08:23:20,08:24:00,08:25:39,08:26:47,08:27:43,08:30:45,08:32:22,08:34:14,08:36:12,08:38:20
08:12:00,08:13:53,08:15:20,08:17:08,08:19:02,08:20:16,08:21:33,08:23:29,08:25:50,08:26:30,08:28:09,08:29:17,08:30:13,08:33:15,08:34:52,08:36:44,08:38:42,08:40:50
08:14:30,08:16:23,08:17:50,08:19:38,08:21:32,08:22:46,08:24:03,08:25:59,08:28:20,08:29:00,08:30:39,08:31:47,08:32:43,08:35:45,08:37:22,08:39:14,08:41:12,08:43:20
08:17:00,08:18:53,08:20:20,08:22:08,08:24:02,08:25:16,08:26:33,08:28:29,08:30:50,08:31:30,08:33:09,08:34:17,08:35:13,08:38:15,08:39:52,08:41:44,08:43:42,08:45:50
08:19:30,08:21:23,08:22:50,08:24:38,08:26:32,08:27:46,08:29:03,08:30:59,08:33:20,08:34:00,08:35:39,08:36:47,08:37:43,08:40:45,08:42:22,08:44:14,08:46:12,08:48:20
08:22:00,08:23:53,08:25:20,08:27:08,08:29:02,08:30:16,08:31:33,08:33:29,08:35:50,08:36:30,08:38:09,08:39:17,08:40:13,08:43:15,08:44:52,08:46:44,08:48:42,08:50:50
08:24:30,08:26:23,08:27:50,08:29:38,08:31:32,08:32:46,08:34:03,08:35:59,08:38:20,08:39:00,08:40:39,08:41:47,08:42:43,08:45:45,08:47:22,08:49:14,08:51:12,08:53:20
08:27:00,08:28:53,08:30:20,08:32:08,08:34:02,08:35:16,08:36:33,08:38:29,08:40:50,08:41:30,08:43:09,08:44:17,08:45:13,08:48:15,08:49:52,08:51:44,08:53:42,08:55:50
08:29:30,08:31:23,08:32:50,08:34:38,08:36:32,08:37:46,08:39:03,08:40:59,08:43:20,08:44:00,08:45:39,08:46:47,08:47:43,08:50:45,08:52:22,08:54:14,08:56:12,08:58:20
08:32:00,08:33:53,08:35:20,08:37:08,08:39:02,08:40:16,08:41:33,08:43:29,08:45:50,08:46:30,08:48:09,08:49:17,08:50:13,08:53:15,08:54:52,08:56:44,08:58:42,09:00:50
08:34:30,08:36:23,08:37:50,08:39:38,08:41:32,08:42:46,08:44:03,08:45:59,08:48:20,08:49:00,08:50:39,08:51:47,08:52:43,08:55:45,08:57:22,08:59:14,09:01:12,09:03:20
08:37:00,08:38:53,08:40:20,08:42:08,08:44:02,08:45:16,08:46:33,08:48:29,08:50:50,08:51:30,08:53:09,08:54:17,08:55:13,08:58:15,08:59:52,09:01:44,09:03:42,09:05:50
08:39:30,08:41:23,08:42:50,08:44:38,08:46:32,08:47:46,08:49:03,08:50:59,08:53:20,08:54:00,08:55:39,08:56:47,08:57:43,09:00:45,09:02:22,09:04:14,09:06:12,09:08:20
08:42:00,08:43:53,08:45:20,08:47:08,08:49:02,08:50:16,08:51:33,08:53:29,08:55:50,08:56:30,08:58:09,08:59:17,09:00:13,09:03:15,09:04:52,09:06:44,09:08:42,09:10:50
08:44:30,08:46:23,08:47:50,08:49:38,08:51:32,08:52:46,08:54:03,08:55:59,08:58:20,08:59:00,09:00:39,09:01:47,09:02:43,09:05:45,09:07:22,09:09:14,09:11:12,09:13:20
08:47:00,08:48:53,08:50:20,08:52:08,08:54:02,08:55:16,08:56:33,08:58:29,09:00:50,09:01:30,09:03:09,09:04:17,09:05:13,09:08:15,09:09:52,09:11:44,09:13:42,09:15:50
08:49:30,08:51:23,08:52:50,08:54:38,08:56:32,08:57:46,08:59:03,09:00:59,09:03:20,09:04:00,09:05:39,09:06:47,09:07:43,09:10:45,09:12:22,09:14:14,09:16:12,09:18:20
08:52:00,08:53:53,08:55:20,08:57:08,08:59:02,09:00:16,09:01:33,09:03:29,09:05:50,09:06:30,09:08:09,09:09:17,09:10:13,09:13:15,09:14:52,09:16:44,09:18:42,09:20:50
08:54:30,08:56:23,08:57:50,08:59:38,09:01:32,09:02:46,09:04:03,09:05:59,09:08:20,09:09:00,09:10:39,09:11:47,09:12:43,09:15:45,09:17:22,09:19:14,09:21:12,09:23:20
08:57:00,08:58:53,09:00:20,09:02:08,09:04:02,09:05:16,09:06:33,09:08:29,09:10:50,09:11:30,09:13:09,09:14:17,09:15:13,09:18:15,09:19:52,09:21:44,09:23:42,09:25:50
08:59:30,09:01:23,09:02:50,09:04:38,09:06:32,09:07:46,09:09:03,09:10:59,09:13:20,09:14:00,09:15:39,09:16:47,09:17:43,09:20:45,09:22:22,09:24:14,09:26:12,09:28:20
09:02:00,09:03:53,09:05:20,09:07:08,09:09:02,09:10:16,09:11:33,09:13:29,09:15:50,09:16:30,09:18:09,09:19:17,09:20:13,09:23:15,09:24:52,09:26:44,09:28:42,09:30:50
09:04:30,09:06:23,09:07:50,09:09:38,09:11:32,09:12:46,09:14:03,09:15:59,09:18:20,09:19:00,09:20:39,09:21:47,09:22:43,09:25:45,09:27:22,09:29:14,09:31:12,09:33:20
09:07:00,09:08:53,09:10:20,09:12:08,09:14:02,09:15:16,09:16:33,09:18:29,09:20:50,09:21:30,09:23:09,09:24:17,09:25:13,09:28:15,09:29:52,09:31:44,09:33:42,09:35:50
09:09:30,09:11:23,09:12:50,09:14:38,09:16:32,09:17:46,09:19:03,09:20:59,09:23:20,09:24:00,09:25:39,09:26:47,09:27:43,09:30:45,09:32:22,09:34:14,09:36:12,09:38:20
09:12:00,09:13:53,09:15:20,09:17:08,09:19:02,09:20:16,09:21:33,09:23:29,09:25:50,09:26:30,09:28:09,09:29:17,09:30:13,09:33:15,09:34:52,09:36:44,09:38:42,09:40:50
09:14:30,09:16:23,09:17:50,09:19:38,09:21:32,09:22:46,09:24:03,09:25:59,09:28:20,09:29:00,09:30:39,09:31:47,09:32:43,09:35:45,09:37:22,09:39:14,09:41:12,09:43:20
09:17:00,09:18:53,09:20:20,09:22:08,09:24:02,09:25:16,09:26:33,09:28:29,09:30:50,09:31:30,09:33:09,09:34:17,09:35:13,09:38:15,09:39:52,09:41:44,09:43:42,09:45:50
09:19:30,09:21:23,09:22:50,09:24:38,09:26:32,09:27:46,09:29:03,09:30:59,09:33:20,09:34:00,09:35:39,09:36:47,09:37:43,09:40:45,09:42:22,09:44:14,09:46:12,09:48:20
09:22:00,09:23:53,09:25:20,09:27:08,09:29:02,09:30:16,09:31:33,09:33:29,09:35:50,09:36:30,09:38:09,09:39:17,09:40:13,09:43:15,09:44:52,09:46:44,09:48:42,09:50:50
09:24:30,09:26:23,09:27:50,09:29:38,09:31:32,09:32:46,09:34:03,09:35:59,09:38:20,09:39:00,09:40:39,09:41:47,09:42:43,09:45:45,09:47:22,09:49:14,09:51:12,09:53:20
09:27:00,09:28:53,09:30:20,09:32:08,09:34:02,09:35:16,09:36:33,09:38:29,09:40:50,09:41:30,09:43:09,09:44:17,09:45:13,09:48:15,09:49:52,09:51:44,09:53:42,09:55:50
09:29:30,09:31:23,09:32:50,09:34:38,09:36:32,09:37:46,09:39:03,09:40:59,09:43:20,09:44:00,09:45:39,09:46:47,09:47:43,09:50:45,09:52:22,09:54:14,09:56:12,09:58:20
09:32:00,09:33:53,09:35:20,09:37:08,09:39:02,09:40:16,09:41:33,09:43:29,09:45:50,09:46:30,09:48:09,09:49:17,09:50:13,09:53:15,09:54:52,09:56:44,09:58:42,10:00:50
09:36:00,09:37:53,09:39:20,09:41:08,09:43:02,09:44:16,09:45:33,09:47:29,09:49:50,09:50:30,09:52:09,09:53:17,09:54:13,09:57:15,09:58:52,10:00:44,10:02:42,10:04:50
09:40:00,09:41:53,09:43:20,09:45:08,09:47:02,09:48:16,09:49:33,09:51:29,09:53:50,09:54:30,09:56:09,09:57:17,09:58:13,10:01:15,10:02:52,10:04:44,10:06:42,10:08:50
09:44:00,09:45:53,09:47:20,09:49:08,09:51:02,09:52:16,09:53:33,09:55:29,09:57:50,09:58:30,10:00:09,10:01:17,10:02:13,10:05:15,10:06:52,10:08:44,10:10:42,10:12:50
09:48:00,09:49:53,09:51:20,09:53:08,09:55:02,09:56:16,09:57:33,09:59:29,10:01:50,10:02:30,10:04:09,10:05:17,10:06:13,10:09:15,10:10:52,10:12:44,10:14:42,10:16:50
09:52:00,09:53:53,09:55:20,09:57:08,09:59:02,10:00:16,10:01:33,10:03:29,10:05:50,10:06:30,10:08:09,10:09:17,10:10:13,10:13:15,10:14:52,10:16:44,10:18:42,10:20:50
09:56:00,09:57:53,09:59:20,10:01:08,10:03:02,10:04:16,10:05:33,10:07:29,10:09:50,10:10:30,10:12:09,10:13:17,10:14:13,10:17:15,10:18:52,10:20:44,10:22:42,10:24:50
10:00:00,10:01:53,10:03:20,10:05:08,10:07:02,10:08:16,10:09:33,10:11:29,10:13:50,10:14:30,10:16:09,10:17:17,10:18:13,10:21:15,10:22:52,10:24:44,10:26:42,10:28:50
10:04:00,10:05:53,10:07:20,10:09:08,10:11:02,10:12:16,10:13:33,10:15:29,10:17:50,10:18:30,10:20:09,10:21:17,10:22:13,10:25:15,10:26:52,10:28:44,10:30:42,10:32:50
10:08:00,10:09:53,10:11:20,10:13:08,10:15:02,10:16:16,10:17:33,10:19:29,10:21:50,10:22:30,10:24:09,10:25:17,10:26:13,10:29:15,10:30:52,10:32:44,10:34:42,10:36:50
10:12:00,10:13:53,10:15:20,10:17:08,10:19:02,10:20:16,10:21:33,10:23:29,10:25:50,10:26:30,10:28:09,10:29:17,10:30:13,10:33:15,10:34:52,10:36:44,10:38:42,10:40:50
10:16:00,10:17:53,10:19:20,10:21:08,10:23:02,10:24:16,10:25:33,10:27:29,10:29:50,10:30:30,10:32:09,10:33:17,10:34:13,10:37:15,10:38:52,10:40:44,10:42:42,10:44:50
10:20:00,10:21:53,10:23:20,10:25:08,10:27:02,10:28:16,10:29:33,10:31:29,10:33:50,10:34:30,10:36:09,10:37:17,10:38:13,10:41:15,10:42:52,10:44:44,10:46:42,10:48:50
10:24:00,10:25:53,10:27:20,10:29:08,10:31:02,10:32:16,10:33:33,10:35:29,10:37:50,10:38:30,10:40:09,10:41:17,10:42:13,10:45:15,10:46:52,10:48:44,10:50:42,10:52:50
10:28:00,10:29:53,10:31:20,10:33:08,10:35:02,10:36:16,10:37:33,10:39:29,10:41:50,10:42:30,10:44:09,10:45:17,10:46:13,10:49:15,10:50:52,10:52:44,10:54:42,10:56:50
10:32:00,10:33:53,10:35:20,10:37:08,10:39:02,10:40:16,10:41:33,10:43:29,10:45:50,10:46:30,10:48:09,10:49:17,10:50:13,10:53:15,10:54:52,10:56:44,10:58:42,11:00:50
10:36:00,10:37:53,10:39:20,10:41:08,10:43:02,10:44:16,10:45:33,10:47:29,10:49:50,10:50:30,10:52:09,10:53:17,10:54:13,10:57:15,10:58:52,11:00:44,11:02:42,11:04:50
10:40:00,10:41:53,10:43:20,10:45:08,10:47:02,10:48:16,10:49:33,10:51:29,10:53:50,10:54:30,10:56:09,10:57:17,10:58:13,11:01:15,11:02:52,11:04:44,11:06:42,11:08:50
10:44:00,10:45:53,10:47:20,10:49:08,10:51:02,10:52:16,10:53:33,10:55:29,10:57:50,10:58:30,11:00:09,11:01:17,11:02:13,11:05:15,11:06:52,11:08:44,11:10:42,11:12:50
10:48:00,10:49:53,10:51:20,10:53:08,10:55:02,10:56:16,10:57:33,10:59:29,11:01:50,11:02:30,11:04:09,11:05:17,11:06:13,11:09:15,11:10:52,11:12:44,11:14:42,11:16:50
10:52:00,10:53:53,10:55:20,10:57:08,10:59:02,11:00:16,11:01:33,11:03:29,11:05:50,11:06:30,11:08:09,11:09:17,11:10:13,11:13:15,11:14:52,11:16:44,11:18:42,11:20:50
10:56:00,10:57:53,10:59:20,11:01:08,11:03:02,11:04:16,11:05:33,11:07:29,11:09:50,11:10:30,11:12:09,11:13:17,11:14:13,11:17:15,11:18:52,11:20:44,11:22:42,11:24:50
11:00:00,11:01:53,11:03:20,11:05:08,11:07:02,11:08:16,11:09:33,11:11:29,11:13:50,11:14:30,11:16:09,11:17:17,11:18:13,11:21:15,11:22:52,11:24:44,11:26:42,11:28:50
11:04:00,11:05:53,11:07:20,11:09:08,11:11:02,11:12:16,11:13:33,11:15:29,11:17:50,11:18:30,11:20:09,11:21:17,11:22:13,11:25:15,11:26:52,11:28:44,11:30:42,11:32:50
11:08:00,11:09:53,11:11:20,11:13:08,11:15:02,11:16:16,11:17:33,11:19:29,11:21:50,11:22:30,11:24:09,11:25:17,11:26:13,11:29:15,11:30:52,11:32:44,11:34:42,11:36:50
11:12:00,11:13:53,11:15:20,11:17:08,11:19:02,11:20:16,11:21:33,11:23:29,11:25:50,11:26:30,11:28:09,11:29:17,11:30:13,11:33:15,11:34:52,11:36:44,11:38:42,11:40:50
11:16:00,11:17:53,11:19:20,11:21:08,11:23:02,11:24:16,11:25:33,11:27:29,11:29:50,11:30:30,11:32:09,11:33:17,11:34:13,11:37:15,11:38:52,11:40:44,11:42:42,11:44:50
11:20:00,11:21:53,11:23:20,11:25:08,11:27:02,11:28:16,11:29:33,11:31:29,11:33:50,11:34:30,11:36:09,11:37:17,11:38:13,11:41:15,11:42:52,11:44:44,11:46:42,11:48:50
11:24:00,11:25:53,11:27:20,11:29:08,11:31:02,11:32:16,11:33:33,11:35:29,11:37:50,11:38:30,11:40:09,11:41:17,11:42:13,11:45:15,11:46:52,11:48:44,11:50:42,11:52:50
11:28:00,11:29:53,11:31:20,11:33:08,11:35:02,11:36:16,11:37:33,11:39:29,11:41:50,11:42:30,11:44:09,11:45:17,11:46:13,11:49:15,11:50:52,11:52:44,11:54:42,11:56:50
11:32:00,11:33:53,11:35:20,11:37:08,11:39:02,11:40:16,11:41:33,11:43:29,11:45:50,11:46:30,11:48:09,11:49:17,11:50:13,11:53:15,11:54:52,11:56:44,11:58:42,12:00:50
11:36:00,11:37:53,11:39:20,11:41:08,11:43:02,11:44:16,11:45:33,11:47:29,11:49:50,11:50:30,11:52:09,11:53:17,11:54:13,11:57:15,11:58:52,12:00:44,12:02:42,12:04:50
11:40:00,11:41:53,11:43:20,11:45:08,11:47:02,11:48:16,11:49:33,11:51:29,11:53:50,11:54:30,11:56:09,11:57:17,11:58:13,12:01:15,12:02:52,12:04:44,12:06:42,12:08:50
11:44:00,11:45:53,11:47:20,11:49:08,11:51:02,11:52:16,11:53:33,11:55:29,11:57:50,11:58:30,12:00:09,12:01:17,12:02:13,12:05:15,12:06:52,12:08:44,12:10:42,12:12:50
11:48:00,11:49:53,11:51:20,11:53:08,11:55:02,11:56:16,11:57:33,11:59:29,12:01:50,12:02:30,12:04:09,12:05:17,12:06:13,12:09:15,12:10:52,12:12:44,12:14:42,12:16:50
11:52:00,11:53:53,11:55:20,11:57:08,11:59:02,12:00:16,12:01:33,12:03:29,12:05:50,12:06:30,12:08:09,12:09:17,12:10:13,12:13:15,12:14:52,12:16:44,12:18:42,12:20:50
11:56:00,11:57:53,11:59:20,12:01:08,12:03:02,12:04:16,12:05:33,12:07:29,12:09:50,12:10:30,12:12:09,12:13:17,12:14:13,12:17:15,12:18:52,12:20:44,12:22:42,12:24:50
12:00:00,12:01:53,12:03:20,12:05:08,12:07:02,12:08:16,12:09:33,12:11:29,12:13:50,12:14:30,12:16:09,12:17:17,12:18:13,12:21:15,12:22:52,12:24:44,12:26:42,12:28:50
12:03:00,12:04:53,12:06:20,12:08:08,12:10:02,12:11:16,12:12:33,12:14:29,12:16:50,12:17:30,12:19:09,12:20:17,12:21:13,12:24:15,12:25:52,12:27:44,12:29:42,12:31:50
12:06:00,12:07:53,12:09:20,12:11:08,12:13:02,12:14:16,12:15:33,12:17:29,12:19:50,12:20:30,12:22:09,12:23:17,12:24:13,12:27:15,12:28:52,12:30:44,12:32:42,12:34:50
12:09:00,12:10:53,12:12:20,12:14:08,12:16:02,12:17:16,12:18:33,12:20:29,12:22:50,12:23:30,12:25:09,12:26:17,12:27:13,12:30:15,12:31:52,12:33:44,12:35:42,12:37:50
12:12:00,12:13:53,12:15:20,12:17:08,12:19:02,12:20:16,12:21:33,12:23:29,12:25:50,12:26:30,12:28:09,12:29:17,12:30:13,12:33:15,12:34:52,12:36:44,12:38:42,12:40:50
12:15:00,12:16:53,12:18:20,12:20:08,12:22:02,12:23:16,12:24:33,12:26:29,12:28:50,12:29:30,12:31:09,12:32:17,12:33:13,12:36:15,12:37:52,12:39:44,12:41:42,12:43:50
12:18:00,12:19:53,12:21:20,12:23:08,12:25:02,12:26:16,12:27:33,12:29:29,12:31:50,12:32:30,12:34:09,12:35:17,12:36:13,12:39:15,12:40:52,12:42:44,12:44:42,12:46:50
12:21:00,12:22:53,12:24:20,12:26:08,12:28:02,12:29:16,12:30:33,12:32:29,12:34:50,12:35:30,12:37:09,12:38:17,12:39:13,12:42:15,12:43:52,12:45:44,12:47:42,12:49:50
12:24:00,12:25:53,12:27:20,12:29:08,12:31:02,12:32:16,12:33:33,12:35:29,12:37:50,12:38:30,12:40:09,12:41:17,12:42:13,12:45:15,12:46:52,12:48:44,12:50:42,12:52:50
12:27:00,12:28:53,12:30:20,12:32:08,12:34:02,12:35:16,12:36:33,12:38:29,12:40:50,12:41:30,12:43:09,12:44:17,12:45:13,12:48:15,12:49:52,12:51:44,12:53:42,12:55:50
12:30:00,12:31:53,12:33:20,12:35:08,12:37:02,12:38:16,12:39:33,12:41:29,12:43:50,12:44:30,12:46:09,12:47:17,12:48:13,12:51:15,12:52:52,12:54:44,12:56:42,12:58:50
12:33:00,12:34:53,12:36:20,12:38:08,12:40:02,12:41:16,12:42:33,12:44:29,12:46:50,12:47:30,12:49:09,12:50:17,12:51:13,12:54:15,12:55:52,12:57:44,12:59:42,13:01:50
12:36:00,12:37:53,12:39:20,12:41:08,12:43:02,12:44:16,12:45:33,12:47:29,12:49:50,12:50:30,12:52:09,12:53:17,12:54:13,12:57:15,12:58:52,13:00:44,13:02:42,13:04:50
12:39:00,12:40:53,12:42:20,12:44:08,12:46:02,12:47:16,12:48:33,12:50:29,12:52:50,12:53:30,12:55:09,12:56:17,12:57:13,13:00:15,13:01:52,13:03:44,13:05:42,13:07:50
12:42:00,12:43:53,12:45:20,12:47:08,12:49:02,12:50:16,12:51:33,12:53:29,12:55:50,12:56:30,12:58:09,12:59:17,13:00:13,13:03:15,13:04:52,13:06:44,13:08:42,13:10:50
12:45:00,12:46:53,12:48:20,12:50:08,12:52:02,12:53:16,12:54:33,12:56:29,12:58:50,12:59:30,13:01:09,13:02:17,13:03:13,13:06:15,13:07:52,13:09:44,13:11:42,13:13:50
12:48:00,12:49:53,12:51:20,12:53:08,12:55:02,12:56:16,12:57:33,12:59:29,13:01:50,13:02:30,13:04:09,13:05:17,13:06:13,13:09:15,13:10:52,13:12:44,13:14:42,13:16:50
12:51:00,12:52:53,12:54:20,12:56:08,12:58:02,12:59:16,13:00:33,13:02:29,13:04:50,13:05:30,13:07:09,13:08:17,13:09:13,13:12:15,13:13:52,13:15:44,13:17:42,13:19:50
12:54:00,12:55:53,12:57:20,12:59:08,13:01:02,13:02:16,13:03:33,13:05:29,13:07:50,13:08:30,13:10:09,13:11:17,13:12:13,13:15:15,13:16:52,13:18:44,13:20:42,13:22:50
12:57:00,12:58:53,13:00:20,13:02:08,13:04:02,13:05:16,13:06:33,13:08:29,13:10:50,13:11:30,13:13:09,13:14:17,13:15:13,13:18:15,13:19:52,13:21:44,13:23:42,13:25:50
13:00:00,13:01:53,13:03:20,13:05:08,13:07:02,13:08:16,13:09:33,13:11:29,13:13:50,13:14:30,13:16:09,13:17:17,13:18:13,13:21:15,13:22:52,13:24:44,13:26:42,13:28:50
13:03:00,13:04:53,13:06:20,13:08:08,13:10:02,13:11:16,13:12:33,13:14:29,13:16:50,13:17:30,13:19:09,13:20:17,13:21:13,13:24:15,13:25:52,13:27:44,13:29:42,13:31:50
13:06:00,13:07:53,13:09:20,13:11:08,13:13:02,13:14:16,13:15:33,13:17:29,13:19:50,13:20:30,13:22:09,13:23:17,13:24:13,13:27:15,13:28:52,13:30:44,13:32:42,13:34:50
13:09:00,13:10:53,13:12:20,13:14:08,13:16:02,13:17:16,13:18:33,13:20:29,13:22:50,13:23:30,13:25:09,13:26:17,13:27:13,13:30:15,13:31:52,13:33:44,13:35:42,13:37:50
13:12:00,13:13:53,13:15:20,13:17:08,13:19:02,13:20:16,13:21:33,13:23:29,13:25:50,13:26:30,13:28:09,13:29:17,13:30:13,13:33:15,13:34:52,13:36:44,13:38:42,13:40:50
13:15:00,13:16:53,13:18:20,13:20:08,13:22:02,13:23:16,13:24:33,13:26:29,13:28:50,13:29:30,13:31:09,13:32:17,13:33:13,13:36:15,13:37:52,13:39:44,13:41:42,13:43:50
13:18:00,13:19:53,13:21:20,13:23:08,13:25:02,13:26:16,13:27:33,13:29:29,13:31:50,13:32:30,13:34:09,13:35:17,13:36:13,13:39:15,13:40:52,13:42:44,13:44:42,13:46:50
13:21:00,13:22:53,13:24:20,13:26:08,13:28:02,13:29:16,13:30:33,13:32:29,13:34:50,13:35:30,13:37:09,13:38:17,13:39:13,13:42:15,13:43:52,13:45:44,13:47:42,13:49:50
13:24:00,13:25:53,13:27:20,13:29:08,13:31:02,13:32:16,13:33:33,13:35:29,13:37:50,13:38:30,13:40:09,13:41:17,13:42:13,13:45:15,13:46:52,13:48:44,13:50:42,13:52:50
13:27:00,13:28:53,13:30:20,13:32:08,13:34:02,13:35:16,13:36:33,13:38:29,13:40:50,13:41:30,13:43:09,13:44:17,13:45:13,13:48:15,13:49:52,13:51:44,13:53:42,13:55:50
13:30:00,13:31:53,13:33:20,13:35:08,13:37:02,13:38:16,13:39:33,13:41:29,13:43:50,13:44:30,13:46:09,13:47:17,13:48:13,13:51:15,13:52:52,13:54:44,13:56:42,13:58:50
13:33:00,13:34:53,13:36:20,13:38:08,13:40:02,13:41:16,13:42:33,13:44:29,13:46:50,13:47:30,13:49:09,13:50:17,13:51:13,13:54:15,13:55:52,13:57:44,13:59:42,14:01:50
13:36:00,13:37:53,13:39:20,13:41:08,13:43:02,13:44:16,13:45:33,13:47:29,13:49:50,13:50:30,13:52:09,13:53:17,13:54:13,13:57:15,13:58:52,14:00:44,14:02:42,14:04:50
13:39:00,13:40:53,13:42:20,13:44:08,13:46:02,13:47:16,13:48:33,13:50:29,13:52:50,13:53:30,13:55:09,13:56:17,13:57:13,14:00:15,14:01:52,14:03:44,14:05:42,14:07:50
13:42:00,13:43:53,13:45:20,13:47:08,13:49:02,13:50:16,13:51:33,13:53:29,13:55:50,13:56:30,13:58:09,13:59:17,14:00:13,14:03:15,14:04:52,14:06:44,14:08:42,14:10:50
13:45:00,13:46:53,13:48:20,13:50:08,13:52:02,13:53:16,13:54:33,13:56:29,13:58:50,13:59:30,14:01:09,14:02:17,14:03:13,14:06:15,14:07:52,14:09:44,14:11:42,14:13:50
13:48:00,13:49:53,13:51:20,13:53:08,13:55:02,13:56:16,13:57:33,13:59:29,14:01:50,14:02:30,14:04:09,14:05:17,14:06:13,14:09:15,14:10:52,14:12:44,14:14:42,14:16:50
13:51:00,13:52:53,13:54:20,13:56:08,13:58:02,13:59:16,14:00:33,14:02:29,14:04:50,14:05:30,14:07:09,14:08:17,14:09:13,14:12:15,14:13:52,14:15:44,14:17:42,14:19:50
13:54:00,13:55:53,13:57:20,13:59:08,14:01:02,14:02:16,14:03:33,14:05:29,14:07:50,14:08:30,14:10:09,14:11:17,14:12:13,14:15:15,14:16:52,14:18:44,14:20:42,14:22:50
13:57:00,13:58:53,14:00:20,14:02:08,14:04:02,14:05:16,14:06:33,14:08:29,14:10:50,14:11:30,14:13:09,14:14:17,14:15:13,14:18:15,14:19:52,14:21:44,14:23:42,14:25:50
14:00:00,14:01:53,14:03:20,14:05:08,14:07:02,14:08:16,14:09:33,14:11:29,14:13:50,14:14:30,14:16:09,14:17:17,14:18:13,14:21:15,14:22:52,14:24:44,14:26:42,14:28:50
14:04:00,14:05:53,14:07:20,14:09:08,14:11:02,14:12:16,14:13:33,14:15:29,14:17:50,14:18:30,14:20:09,14:21:17,14:22:13,14:25:15,14:26:52,14:28:44,14:30:42,14:32:50
14:08:00,14:09:53,14:11:20,14:13:08,14:15:02,14:16:16,14:17:33,14:19:29,14:21:50,14:22:30,14:24:09,14:25:17,14:26:13,14:29:15,14:30:52,14:32:44,14:34:42,14:36:50
14:12:00,14:13:53,14:15:20,14:17:08,14:19:02,14:20:16,14:21:33,14:23:29,14:25:50,14:26:30,14:28:09,14:29:17,14:30:13,14:33:15,14:34:52,14:36:44,14:38:42,14:40:50
14:16:00,14:17:53,14:19:20,14:21:08,14:23:02,14:24:16,14:25:33,14:27:29,14:29:50,14:30:30,14:32:09,14:33:17,14:34:13,14:37:15,14:38:52,14:40:44,14:42:42,14:44:50
14:20:00,14:21:53,14:23:20,14:25:08,14:27:02,14:28:16,14:29:33,14:31:29,14:33:50,14:34:30,14:36:09,14:37:17,14:38:13,14:41:15,14:42:52,14:44:44,14:46:42,14:48:50
14:24:00,14:25:53,14:27:20,14:29:08,14:31:02,14:32:16,14:33:33,14:35:29,14:37:50,14:38:30,14:40:09,14:41:17,14:42:13,14:45:15,14:46:52,14:48:44,14:50:42,14:52:50
14:28:00,14:29:53,14:31:20,14:33:08,14:35:02,14:36:16,14:37:33,14:39:29,14:41:50,14:42:30,14:44:09,14:45:17,14:46:13,14:49:15,14:50:52,14:52:44,14:54:42,14:56:50
14:32:00,14:33:53,14:35:20,14:37:08,14:39:02,14:40:16,14:41:33,14:43:29,14:45:50,14:46:30,14:48:09,14:49:17,14:50:13,14:53:15,14:54:52,14:56:44,14:58:42,15:00:50
14:36:00,14:37:53,14:39:20,14:41:08,14:43:02,14:44:16,14:45:33,14:47:29,14:49:50,14:50:30,14:52:09,14:53:17,14:54:13,14:57:15,14:58:52,15:00:44,15:02:42,15:04:50
14:40:00,14:41:53,14:43:20,14:45:08,14:47:02,14:48:16,14:49:33,14:51:29,14:53:50,14:54:30,14:56:09,14:57:17,14:58:13,15:01:15,15:02:52,15:04:44,15:06:42,15:08:50
14:44:00,14:45:53,14:47:20,14:49:08,14:51:02,14:52:16,14:53:33,14:55:29,14:57:50,14:58:30,15:00:09,15:01:17,15:02:13,15:05:15,15:06:52,15:08:44,15:10:42,15:12:50
14:48:00,14:49:53,14:51:20,14:53:08,14:55:02,14:56:16,14:57:33,14:59:29,15:01:50,15:02:30,15:04:09,15:05:17,15:06:13,15:09:15,15:10:52,15:12:44,15:14:42,15:16:50
14:52:00,14:53:53,14:55:20,14:57:08,14:59:02,15:00:16,15:01:33,15:03:29,15:05:50,15:06:30,15:08:09,15:09:17,15:10:13,15:13:15,15:14:52,15:16:44,15:18:42,15:20:50
14:56:00,14:57:53,14:59:20,15:01:08,15:03:02,15:04:16,15:05:33,15:07:29,15:09:50,15:10:30,15:12:09,15:13:17,15:14:13,15:17:15,15:18:52,15:20:44,15:22:42,15:24:50
15:00:00,15:01:53,15:03:20,15:05:08,15:07:02,15:08:16,15:09:33,15:11:29,15:13:50,15:14:30,15:16:09,15:17:17,15:18:13,15:21:15,15:22:52,15:24:44,15:26:42,15:28:50
15:04:00,15:05:53,15:07:20,15:09:08,15:11:02,15:12:16,15:13:33,15:15:29,15:17:50,15:18:30,15:20:09,15:21:17,15:22:13,15:25:15,15:26:52,15:28:44,15:30:42,15:32:50
15:08:00,15:09:53,15:11:20,15:13:08,15:15:02,15:16:16,15:17:33,15:19:29,15:21:50,15:22:30,15:24:09,15:25:17,15:26:13,15:29:15,15:30:52,15:32:44,15:34:42,15:36:50
15:12:00,15:13:53,15:15:20,15:17:08,15:19:02,15:20:16,15:21:33,15:23:29,15:25:50,15:26:30,15:28:09,15:29:17,15:30:13,15:33:15,15:34:52,15:36:44,15:38:42,15:40:50
15:16:00,15:17:53,15:19:20,15:21:08,15:23:02,15:24:16,15:25:33,15:27:29,15:29:50,15:30:30,15:32:09,15:33:17,15:34:13,15:37:15,15:38:52,15:40:44,15:42:42,15:44:50
15:20:00,15:21:53,15:23:20,15:25:08,15:27:02,15:28:16,15:29:33,15:31:29,15:33:50,15:34:30,15:36:09,15:37:17,15:38:13,15:41:15,15:42:52,15:44:44,15:46:42,15:48:50
15:24:00,15:25:53,15:27:20,15:29:08,15:31:02,15:32:16,15:33:33,15:35:29,15:37:50,15:38:30,15:40:09,15:41:17,15:42:13,15:45:15,15:46:52,15:48:44,15:50:42,15:52:50
15:28:00,15:29:53,15:31:20,15:33:08,15:35:02,15:36:16,15:37:33,15:39:29,15:41:50,15:42:30,15:44:09,15:45:17,15:46:13,15:49:15,15:50:52,15:52:44,15:54:42,15:56:50
15:32:00,15:33:53,15:35:20,15:37:08,15:39:02,15:40:16,15:41:33,15:43:29,15:45:50,15:46:30,15:48:09,15:49:17,15:50:13,15:53:15,15:54:52,15:56:44,15:58:42,16:00:50
15:36:00,15:37:53,15:39:20,15:41:08,15:43:02,15:44:16,15:45:33,15:47:29,15:49:50,15:50:30,15:52:09,15:53:17,15:54:13,15:57:15,15:58:52,16:00:44,16:02:42,16:04:50
15:40:00,15:41:53,15:43:20,15:45:08,15:47:02,15:48:16,15:49:33,15:51:29,15:53:50,15:54:30,15:56:09,15:57:17,15:58:13,16:01:15,16:02:52,16:04:44,16:06:42,16:08:50
15:44:00,15:45:53,15:47:20,15:49:08,15:51:02,15:52:16,15:53:33,15:55:29,15:57:50,15:58:30,16:00:09,16:01:17,16:02:13,16:05:15,16:06:52,16:08:44,16:10:42,16:12:50
15:48:00,15:49:53,15:51:20,15:53:08,15:55:02,15:56:16,15:57:33,15:59:29,16:01:50,16:02:30,16:04:09,16:05:17,16:06:13,16:09:15,16:10:52,16:12:44,16:14:42,16:16:50
15:52:00,15:53:53,15:55:20,15:57:08,15:59:02,16:00:16,16:01:33,16:03:29,16:05:50,16:06:30,16:08:09,16:09:17,16:10:13,16:13:15,16:14:52,16:16:44,16:18:42,16:20:50
15:56:00,15:57:53,15:59:20,16:01:08,16:03:02,16:04:16,16:05:33,16:07:29,16:09:50,16:10:30,16:12:09,16:13:17,16:14:13,16:17:15,16:18:52,16:20:44,16:22:42,16:24:50
16:00:00,16:01:53,16:03:20,16:05:08,16:07:02,16:08:16,16:09:33,16:11:29,16:13:50,16:14:30,16:16:09,16:17:17,16:18:13,16:21:15,16:22:52,16:24:44,16:26:42,16:28:50
16:04:00,16:05:53,16:07:20,16:09:08,16:11:02,16:12:16,16:13:33,16:15:29,16:17:50,16:18:30,16:20:09,16:21:17,16:22:13,16:25:15,16:26:52,16:28:44,16:30:42,16:32:50
16:08:00,16:09:53,16:11:20,16:13:08,16:15:02,16:16:16,16:17:33,16:19:29,16:21:50,16:22:30,16:24:09,16:25:17,16:26:13,16:29:15,16:30:52,16:32:44,16:34:42,16:36:50
16:12:00,16:13:53,16:15:20,16:17:08,16:19:02,16:20:16,16:21:33,16:23:29,16:25:50,16:26:30,16:28:09,16:29:17,16:30:13,16:33:15,16:34:52,16:36:44,16:38:42,16:40:50
16:16:00,16:17:53,16:19:20,16:21:08,16:23:02,16:24:16,16:25:33,16:27:29,16:29:50,16:30:30,16:32:09,16:33:17,16:34:13,16:37:15,16:38:52,16:40:44,16:42:42,16:44:50
16:20:00,16:21:53,16:23:20,16:25:08,16:27:02,16:28:16,16:29:33,16:31:29,16:33:50,16:34:30,16:36:09,16:37:17,16:38:13,16:41:15,16:42:52,16:44:44,16:46:42,16:48:50
16:24:00,16:25:53,16:27:20,16:29:08,16:31:02,16:32:16,16:33:33,16:35:29,16:37:50,16:38:30,16:40:09,16:41:17,16:42:13,16:45:15,16:46:52,16:48:44,16:50:42,16:52:50
16:28:00,16:29:53,16:31:20,16:33:08,16:35:02,16:36:16,16:37:33,16:39:29,16:41:50,16:42:30,16:44:09,16:45:17,16:46:13,16:49:15,16:50:52,16:52:44,16:54:42,16:56:50
16:32:00,16:33:53,16:35:20,16:37:08,16:39:02,16:40:16,16:41:33,16:43:29,16:45:50,16:46:30,16:48:09,16:49:17,16:50:13,16:53:15,16:54:52,16:56:44,16:58:42,17:00:50
16:36:00,16:37:53,16:39:20,16:41:08,16:43:02,16:44:16,16:45:33,16:47:29,16:49:50,16:50:30,16:52:09,16:53:17,16:54:13,16:57:15,16:58:52,17:00:44,17:02:42,17:04:50
16:40:00,16:41:53,16:43:20,16:45:08,16:47:02,16:48:16,16:49:33,16:51:29,16:53:50,16:54:30,16:56:09,16:57:17,16:58:13,17:01:15,17:02:52,17:04:44,17:06:42,17:08:50
16:44:00,16:45:53,16:47:20,16:49:08,16:51:02,16:52:16,16:53:33,16:55:29,16:57:50,16:58:30,17:00:09,17:01:17,17:02:13,17:05:15,17:06:52,17:08:44,17:10:42,17:12:50
16:48:00,16:49:53,16:51:20,16:53:08,16:55:02,16:56:16,16:57:33,16:59:29,17:01:50,17:02:30,17:04:09,17:05:17,17:06:13,17:09:15,17:10:52,17:12:44,17:14:42,17:16:50
16:52:00,16:53:53,16:55:20,16:57:08,16:59:02,17:00:16,17:01:33,17:03:29,17:05:50,17:06:30,17:08:09,17:09:17,17:10:13,17:13:15,17:14:52,17:16:44,17:18:42,17:20:50
16:56:00,16:57:53,16:59:20,17:01:08,17:03:02,17:04:16,17:05:33,17:07:29,17:09:50,17:10:30,17:12:09,17:13:17,17:14:13,17:17:15,17:18:52,17:20:44,17:22:42,17:24:50
17:00:00,17:01:53,17:03:20,17:05:08,17:07:02,17:08:16,17:09:33,17:11:29,17:13:50,17:14:30,17:16:09,17:17:17,17:18:13,17:21:15,17:22:52,17:24:44,17:26:42,17:28:50
17:02:30,17:04:23,17:05:50,17:07:38,17:09:32,17:10:46,17:12:03,17:13:59,17:16:20,17:17:00,17:18:39,17:19:47,17:20:43,17:23:45,17:25:22,17:27:14,17:29:12,17:31:20
17:05:00,17:06:53,17:08:20,17:10:08,17:12:02,17:13:16,17:14:33,17:16:29,17:18:50,17:19:30,17:21:09,17:22:17,17:23:13,17:26:15,17:27:52,17:29:44,17:31:42,17:33:50
17:07:30,17:09:23,17:10:50,17:12:38,17:14:32,17:15:46,17:17:03,17:18:59,17:21:20,17:22:00,17:23:39,17:24:47,17:25:43,17:28:45,17:30:22,17:32:14,17:34:12,17:36:20
17:10:00,17:11:53,17:13:20,17:15:08,17:17:02,17:18:16,17:19:33,17:21:29,17:23:50,17:24:30,17:26:09,17:27:17,17:28:13,17:31:15,17:32:52,17:34:44,17:36:42,17:38:50
17:12:30,17:14:23,17:15:50,17:17:38,17:19:32,17:20:46,17:22:03,17:23:59,17:26:20,17:27:00,17:28:39,17:29:47,17:30:43,17:33:45,17:35:22,17:37:14,17:39:12,17:41:20
17:15:00,17:16:53,17:18:20,17:20:08,17:22:02,17:23:16,17:24:33,17:26:29,17:28:50,17:29:30,17:31:09,17:32:17,17:33:13,17:36:15,17:37:52,17:39:44,17:41:42,17:43:50
17:17:30,17:19:23,17:20:50,17:22:38,17:24:32,17:25:46,17:27:03,17:28:59,17:31:20,17:32:00,17:33:39,17:34:47,17:35:43,17:38:45,17:40:22,17:42:14,17:44:12,17:46:20
17:20:00,17:21:53,17:23:20,17:25:08,17:27:02,17:28:16,17:29:33,17:31:29,17:33:50,17:34:30,17:36:09,17:37:17,17:38:13,17:41:15,17:42:52,17:44:44,17:46:42,17:48:50
17:22:30,17:24:23,17:25:50,17:27:38,17:29:32,17:30:46,17:32:03,17:33:59,17:36:20,17:37:00,17:38:39,17:39:47,17:40:43,17:43:45,17:45:22,17:47:14,17:49:12,17:51:20
17:25:00,17:26:53,17:28:20,17:30:08,17:32:02,17:33:16,17:34:33,17:36:29,17:38:50,17:39:30,17:41:09,17:42:17,17:43:13,17:46:15,17:47:52,17:49:44,17:51:42,17:53:50
17:27:30,17:29:23,17:30:50,17:32:38,17:34:32,17:35:46,17:37:03,17:38:59,17:41:20,17:42:00,17:43:39,17:44:47,17:45:43,17:48:45,17:50:22,17:52:14,17:54:12,17:56:20
17:30:00,17:31:53,17:33:20,17:35:08,17:37:02,17:38:16,17:39:33,17:41:29,17:43:50,17:44:30,17:46:09,17:47:17,17:48:13,17:51:15,17:52:52,17:54:44,17:56:42,17:58:50
17:32:30,17:34:23,17:35:50,17:37:38,17:39:32,17:40:46,17:42:03,17:43:59,17:46:20,17:47:00,17:48:39,17:49:47,17:50:43,17:53:45,17:55:22,17:57:14,17:59:12,18:01:20
17:35:00,17:36:53,17:38:20,17:40:08,17:42:02,17:43:16,17:44:33,17:46:29,17:48:50,17:49:30,17:51:09,17:52:17,17:53:13,17:56:15,17:57:52,17:59:44,18:01:42,18:03:50
17:37:30,17:39:23,17:40:50,17:42:38,17:44:32,17:45:46,17:47:03,17:48:59,17:51:20,17:52:00,17:53:39,17:54:47,17:55:43,17:58:45,18:00:22,18:02:14,18:04:12,18:06:20
17:40:00,17:41:53,17:43:20,17:45:08,17:47:02,17:48:16,17:49:33,17:51:29,17:53:50,17:54:30,17:56:09,17:57:17,17:58:13,18:01:15,18:02:52,18:04:44,18:06:42,18:08:50
17:42:30,17:44:23,17:45:50,17:47:38,17:49:32,17:50:46,17:52:03,17:53:59,17:56:20,17:57:00,17:58:39,17:59:47,18:00:43,18:03:45,18:05:22,18:07:14,18:09:12,18:11:20
17:45:00,17:46:53,17:48:20,17:50:08,17:52:02,17:53:16,17:54:33,17:56:29,17:58:50,17:59:30,18:01:09,18:02:17,18:03:13,18:06:15,18:07:52,18:09:44,18:11:42,18:13:50
17:47:30,17:49:23,17:50:50,17:52:38,17:54:32,17:55:46,17:57:03,17:58:59,18:01:20,18:02:00,18:03:39,18:04:47,18:05:43,18:08:45,18:10:22,18:12:14,18:14:12,18:16:20
17:50:00,17:51:53,17:53:20,17:55:08,17:57:02,17:58:16,17:59:33,18:01:29,18:03:50,18:04:30,18:06:09,18:07:17,18:08:13,18:11:15,18:12:52,18:14:44,18:16:42,18:18:50
17:52:30,17:54:23,17:55:50,17:57:38,17:59:32,18:00:46,18:02:03,18:03:59,18:06:20,18:07:00,18:08:39,18:09:47,18:10:43,18:13:45,18:15:22,18:17:14,18:19:12,18:21:20
17:55:00,17:56:53,17:58:20,18:00:08,18:02:02,18:03:16,18:04:33,18:06:29,18:08:50,18:09:30,18:11:09,18:12:17,18:13:13,18:16:15,18:17:52,18:19:44,18:21:42,18:23:50
17:57:30,17:59:23,18:00:50,18:02:38,18:04:32,18:05:46,18:07:03,18:08:59,18:11:20,18:12:00,18:13:39,18:14:47,18:15:43,18:18:45,18:20:22,18:22:14,18:24:12,18:26:20
18:00:00,18:01:53,18:03:20,18:05:08,18:07:02,18:08:16,18:09:33,18:11:29,18:13:50,18:14:30,18:16:09,18:17:17,18:18:13,18:21:15,18:22:52,18:24:44,18:26:42,18:28:50
18:02:30,18:04:23,18:05:50,18:07:38,18:09:32,18:10:46,18:12:03,18:13:59,18:16:20,18:17:00,18:18:39,18:19:47,18:20:43,18:23:45,18:25:22,18:27:14,18:29:12,18:31:20
18:05:00,18:06:53,18:08:20,18:10:08,18:12:02,18:13:16,18:14:33,18:16:29,18:18:50,18:19:30,18:21:09,18:22:17,18:23:13,18:26:15,18:27:52,18:29:44,18:31:42,18:33:50
18:07:30,18:09:23,18:10:50,18:12:38,18:14:32,18:15:46,18:17:03,18:18:59,18:21:20,18:22:00,18:23:39,18:24:47,18:25:43,18:28:45,18:30:22,18:32:14,18:34:12,18:36:20
18:10:00,18:11:53,18:13:20,18:15:08,18:17:02,18:18:16,18:19:33,18:21:29,18:23:50,18:24:30,18:26:09,18:27:17,18:28:13,18:31:15,18:32:52,18:34:44,18:36:42,18:38:50
18:12:30,18:14:23,18:15:50,18:17:38,18:19:32,18:20:46,18:22:03,18:23:59,18:26:20,18:27:00,18:28:39,18:29:47,18:30:43,18:33:45,18:35:22,18:37:14,18:39:12,18:41:20
18:15:00,18:16:53,18:18:20,18:20:08,18:22:02,18:23:16,18:24:33,18:26:29,18:28:50,18:29:30,18:31:09,18:32:17,18:33:13,18:36:15,18:37:52,18:39:44,18:41:42,18:43:50
18:17:30,18:19:23,18:20:50,18:22:38,18:24:32,18:25:46,18:27:03,18:28:59,18:31:20,18:32:00,18:33:39,18:34:47,18:35:43,18:38:45,18:40:22,18:42:14,18:44:12,18:46:20
18:20:00,18:21:53,18:23:20,18:25:08,18:27:02,18:28:16,18:29:33,18:31:29,18:33:50,18:34:30,18:36:09,18:37:17,18:38:13,18:41:15,18:42:52,18:44:44,18:46:42,18:48:50
18:22:30,18:24:23,18:25:50,18:27:38,18:29:32,18:30:46,18:32:03,18:33:59,18:36:20,18:37:00,18:38:39,18:39:47,18:40:43,18:43:45,18:45:22,18:47:14,18:49:12,18:51:20
18:25:00,18:26:53,18:28:20,18:30:08,18:32:02,18:33:16,18:34:33,18:36:29,18:38:50,18:39:30,18:41:09,18:42:17,18:43:13,18:46:15,18:47:52,18:49:44,18:51:42,18:53:50
18:27:30,18:29:23,18:30:50,18:32:38,18:34:32,18:35:46,18:37:03,18:38:59,18:41:20,18:42:00,18:43:39,18:44:47,18:45:43,18:48:45,18:50:22,18:52:14,18:54:12,18:56:20
18:30:00,18:31:53,18:33:20,18:35:08,18:37:02,18:38:16,18:39:33,18:41:29,18:43:50,18:44:30,18:46:09,18:47:17,18:48:13,18:51:15,18:52:52,18:54:44,18:56:42,18:58:50
18:32:30,18:34:23,18:35:50,18:37:38,18:39:32,18:40:46,18:42:03,18:43:59,18:46:20,18:47:00,18:48:39,18:49:47,18:50:43,18:53:45,18:55:22,18:57:14,18:59:12,19:01:20
18:35:00,18:36:53,18:38:20,18:40:08,18:42:02,18:43:16,18:44:33,18:46:29,18:48:50,18:49:30,18:51:09,18:52:17,18:53:13,18:56:15,18:57:52,18:59:44,19:01:42,19:03:50
18:37:30,18:39:23,18:40:50,18:42:38,18:44:32,18:45:46,18:47:03,18:48:59,18:51:20,18:52:00,18:53:39,18:54:47,18:55:43,18:58:45,19:00:22,19:02:14,19:04:12,19:06:20
18:40:00,18:41:53,18:43:20,18:45:08,18:47:02,18:48:16,18:49:33,18:51:29,18:53:50,18:54:30,18:56:09,18:57:17,18:58:13,19:01:15,19:02:52,19:04:44,19:06:42,19:08:50
18:42:30,18:44:23,18:45:50,18:47:38,18:49:32,18:50:46,18:52:03,18:53:59,18:56:20,18:57:00,18:58:39,18:59:47,19:00:43,19:03:45,19:05:22,19:07:14,19:09:12,19:11:20
18:45:00,18:46:53,18:48:20,18:50:08,18:52:02,18:53:16,18:54:33,18:56:29,18:58:50,18:59:30,19:01:09,19:02:17,19:03:13,19:06:15,19:07:52,19:09:44,19:11:42,19:13:50
18:47:30,18:49:23,18:50:50,18:52:38,18:54:32,18:55:46,18:57:03,18:58:59,19:01:20,19:02:00,19:03:39,19:04:47,19:05:43,19:08:45,19:10:22,19:12:14,19:14:12,19:16:20
18:50:00,18:51:53,18:53:20,18:55:08,18:57:02,18:58:16,18:59:33,19:01:29,19:03:50,19:04:30,19:06:09,19:07:17,19:08:13,19:11:15,19:12:52,19:14:44,19:16:42,19:18:50
18:52:30,18:54:23,18:55:50,18:57:38,18:59:32,19:00:46,19:02:03,19:03:59,19:06:20,19:07:00,19:08:39,19:09:47,19:10:43,19:13:45,19:15:22,19:17:14,19:19:12,19:21:20
18:55:00,18:56:53,18:58:20,19:00:08,19:02:02,19:03:16,19:04:33,19:06:29,19:08:50,19:09:30,19:11:09,19:12:17,19:13:13,19:16:15,19:17:52,19:19:44,19:21:42,19:23:50
18:57:30,18:59:23,19:00:50,19:02:38,19:04:32,19:05:46,19:07:03,19:08:59,19:11:20,19:12:00,19:13:39,19:14:47,19:15:43,19:18:45,19:20:22,19:22:14,19:24:12,19:26:20
19:00:00,19:01:53,19:03:20,19:05:08,19:07:02,19:08:16,19:09:33,19:11:29,19:13:50,19:14:30,19:16:09,19:17:17,19:18:13,19:21:15,19:22:52,19:24:44,19:26:42,19:28:50
19:04:00,19:05:53,19:07:20,19:09:08,19:11:02,19:12:16,19:13:33,19:15:29,19:17:50,19:18:30,19:20:09,19:21:17,19:22:13,19:25:15,19:26:52,19:28:44,19:30:42,19:32:50
19:08:00,19:09:53,19:11:20,19:13:08,19:15:02,19:16:16,19:17:33,19:19:29,19:21:50,19:22:30,19:24:09,19:25:17,19:26:13,19:29:15,19:30:52,19:32:44,19:34:42,19:36:50
19:12:00,19:13:53,19:15:20,19:17:08,19:19:02,19:20:16,19:21:33,19:23:29,19:25:50,19:26:30,19:28:09,19:29:17,19:30:13,19:33:15,19:34:52,19:36:44,19:38:42,19:40:50
19:16:00,19:17:53,19:19:20,19:21:08,19:23:02,19:24:16,19:25:33,19:27:29,19:29:50,19:30:30,19:32:09,19:33:17,19:34:13,19:37:15,19:38:52,19:40:44,19:42:42,19:44:50
19:20:00,19:21:53,19:23:20,19:25:08,19:27:02,19:28:16,19:29:33,19:31:29,19:33:50,19:34:30,19:36:09,19:37:17,19:38:13,19:41:15,19:42:52,19:44:44,19:46:42,19:48:50
19:24:00,19:25:53,19:27:20,19:29:08,19:31:02,19:32:16,19:33:33,19:35:29,19:37:50,19:38:30,19:40:09,19:41:17,19:42:13,19:45:15,19:46:52,19:48:44,19:50:42,19:52:50
19:28:00,19:29:53,19:31:20,19:33:08,19:35:02,19:36:16,19:37:33,19:39:29,19:41:50,19:42:30,19:44:09,19:45:17,19:46:13,19:49:15,19:50:52,19:52:44,19:54:42,19:56:50
19:32:00,19:33:53,19:35:20,19:37:08,19:39:02,19:40:16,19:41:33,19:43:29,19:45:50,19:46:30,19:48:09,19:49:17,19:50:13,19:53:15,19:54:52,19:56:44,19:58:42,20:00:50
19:36:00,19:37:53,19:39:20,19:41:08,19:43:02,19:44:16,19:45:33,19:47:29,19:49:50,19:50:30,19:52:09,19:53:17,19:54:13,19:57:15,19:58:52,20:00:44,20:02:42,20:04:50
19:40:00,19:41:53,19:43:20,19:45:08,19:47:02,19:48:16,19:49:33,19:51:29,19:53:50,19:54:30,19:56:09,19:57:17,19:58:13,20:01:15,20:02:52,20:04:44,20:06:42,20:08:50
19:44:00,19:45:53,19:47:20,19:49:08,19:51:02,19:52:16,19:53:33,19:55:29,19:57:50,19:58:30,20:00:09,20:01:17,20:02:13,20:05:15,20:06:52,20:08:44,20:10:42,20:12:50
19:48:00,19:49:53,19:51:20,19:53:08,19:55:02,19:56:16,19:57:33,19:59:29,20:01:50,20:02:30,20:04:09,20:05:17,20:06:13,20:09:15,20:10:52,20:12:44,20:14:42,20:16:50
19:52:00,19:53:53,19:55:20,19:57:08,19:59:02,20:00:16,20:01:33,20:03:29,20:05:50,20:06:30,20:08:09,20:09:17,20:10:13,20:13:15,20:14:52,20:16:44,20:18:42,20:20:50
19:56:00,19:57:53,19:59:20,20:01:08,20:03:02,20:04:16,20:05:33,20:07:29,20:09:50,20:10:30,20:12:09,20:13:17,20:14:13,20:17:15,20:18:52,20:20:44,20:22:42,20:24:50
20:00:00,20:01:53,20:03:20,20:05:08,20:07:02,20:08:16,20:09:33,20:11:29,20:13:50,20:14:30,20:16:09,20:17:17,20:18:13,20:21:15,20:22:52,20:24:44,20:26:42,20:28:50
20:04:00,20:05:53,20:07:20,20:09:08,20:11:02,20:12:16,20:13:33,20:15:29,20:17:50,20:18:30,20:20:09,20:21:17,20:22:13,20:25:15,20:26:52,20:28:44,20:30:42,20:32:50
20:08:00,20:09:53,20:11:20,20:13:08,20:15:02,20:16:16,20:17:33,20:19:29,20:21:50,20:22:30,20:24:09,20:25:17,20:26:13,20:29:15,20:30:52,20:32:44,20:34:42,20:36:50
20:12:00,20:13:53,20:15:20,20:17:08,20:19:02,20:20:16,20:21:33,20:23:29,20:25:50,20:26:30,20:28:09,20:29:17,20:30:13,20:33:15,20:34:52,20:36:44,20:38:42,20:40:50
20:16:00,20:17:53,20:19:20,20:21:08,20:23:02,20:24:16,20:25:33,20:27:29,20:29:50,20:30:30,20:32:09,20:33:17,20:34:13,20:37:15,20:38:52,20:40:44,20:42:42,20:44:50
20:20:00,20:21:53,20:23:20,20:25:08,20:27:02,20:28:16,20:29:33,20:31:29,20:33:50,20:34:30,20:36:09,20:37:17,20:38:13,20:41:15,20:42:52,20:44:44,20:46:42,20:48:50
20:24:00,20:25:53,20:27:20,20:29:08,20:31:02,20:32:16,20:33:33,20:35:29,20:37:50,20:38:30,20:40:09,20:41:17,20:42:13,20:45:15,20:46:52,20:48:44,20:50:42,20:52:50
20:28:00,20:29:53,20:31:20,20:33:08,20:35:02,20:36:16,20:37:33,20:39:29,20:41:50,20:42:30,20:44:09,20:45:17,20:46:13,20:49:15,20:50:52,20:52:44,20:54:42,20:56:50
20:32:00,20:33:53,20:35:20,20:37:08,20:39:02,20:40:16,20:41:33,20:43:29,20:45:50,20:46:30,20:48:09,20:49:17,20:50:13,20:53:15,20:54:52,20:56:44,20:58:42,21:00:50
20:36:00,20:37:53,20:39:20,20:41:08,20:43:02,20:44:16,20:45:33,20:47:29,20:49:50,20:50:30,20:52:09,20:53:17,20:54:13,20:57:15,20:58:52,21:00:44,21:02:42,21:04:50
20:40:00,20:41:53,20:43:20,20:45:08,20:47:02,20:48:16,20:49:33,20:51:29,20:53:50,20:54:30,20:56:09,20:57:17,20:58:13,21:01:15,21:02:52,21:04:44,21:06:42,21:08:50
20:44:00,20:45:53,20:47:20,20:49:08,20:51:02,20:52:16,20:53:33,20:55:29,20:57:50,20:58:30,21:00:09,21:01:17,21:02:13,21:05:15,21:06:52,21:08:44,21:10:42,21:12:50
20:48:00,20:49:53,20:51:20,20:53:08,20:55:02,20:56:16,20:57:33,20:59:29,21:01:50,21:02:30,21:04:09,21:05:17,21:06:13,21:09:15,21:10:52,21:12:44,21:14:42,21:16:50
20:52:00,20:53:53,20:55:20,20:57:08,20:59:02,21:00:16,21:01:33,21:03:29,21:05:50,21:06:30,21:08:09,21:09:17,21:10:13,21:13:15,21:14:52,21:16:44,21:18:42,21:20:50
20:56:00,20:57:53,20:59:20,21:01:08,21:03:02,21:04:16,21:05:33,21:07:29,21:09:50,21:10:30,21:12:09,21:13:17,21:14:13,21:17:15,21:18:52,21:20:44,21:22:42,21:24:50
21:00:00,21:01:53,21:03:20,21:05:08,21:07:02,21:08:16,21:09:33,21:11:29,21:13:50,21:14:30,21:16:09,21:17:17,21:18:13,21:21:15,21:22:52,21:24:44,21:26:42,21:28:50
21:05:00,21:06:53,21:08:20,21:10:08,21:12:02,21:13:16,21:14:33,21:16:29,21:18:50,21:19:30,21:21:09,21:22:17,21:23:13,21:26:15,21:27:52,21:29:44,21:31:42,21:33:50
21:10:00,21:11:53,21:13:20,21:15:08,21:17:02,21:18:16,21:19:33,21:21:29,21:23:50,21:24:30,21:26:09,21:27:17,21:28:13,21:31:15,21:32:52,21:34:44,21:36:42,21:38:50
21:15:00,21:16:53,21:18:20,21:20:08,21:22:02,21:23:16,21:24:33,21:26:29,21:28:50,21:29:30,21:31:09,21:32:17,21:33:13,21:36:15,21:37:52,21:39:44,21:41:42,21:43:50
21:20:00,21:21:53,21:23:20,21:25:08,21:27:02,21:28:16,21:29:33,21:31:29,21:33:50,21:34:30,21:36:09,21:37:17,21:38:13,21:41:15,21:42:52,21:44:44,21:46:42,21:48:50
21:25:00,21:26:53,21:28:20,21:30:08,21:32:02,21:33:16,21:34:33,21:36:29,21:38:50,21:39:30,21:41:09,21:42:17,21:43:13,21:46:15,21:47:52,21:49:44,21:51:42,21:53:50
21:30:00,21:31:53,21:33:20,21:35:08,21:37:02,21:38:16,21:39:33,21:41:29,21:43:50,21:44:30,21:46:09,21:47:17,21:48:13,21:51:15,21:52:52,21:54:44,21:56:42,21:58:50
21:35:00,21:36:53,21:38:20,21:40:08,21:42:02,21:43:16,21:44:33,21:46:29,21:48:50,21:49:30,21:51:09,21:52:17,21:53:13,21:56:15,21:57:52,21:59:44,22:01:42,22:03:50
21:40:00,21:41:53,21:43:20,21:45:08,21:47:02,21:48:16,21:49:33,21:51:29,21:53:50,21:54:30,21:56:09,21:57:17,21:58:13,22:01:15,22:02:52,22:04:44,22:06:42,22:08:50
21:45:00,21:46:53,21:48:20,21:50:08,21:52:02,21:53:16,21:54:33,21:56:29,21:58:50,21:59:30,22:01:09,22:02:17,22:03:13,22:06:15,22:07:52,22:09:44,22:11:42,22:13:50
21:50:00,21:51:53,21:53:20,21:55:08,21:57:02,21:58:16,21:59:33,22:01:29,22:03:50,22:04:30,22:06:09,22:07:17,22:08:13,22:11:15,22:12:52,22:14:44,22:16:42,22:18:50
21:55:00,21:56:53,21:58:20,22:00:08,22:02:02,22:03:16,22:04:33,22:06:29,22:08:50,22:09:30,22:11:09,22:12:17,22:13:13,22:16:15,22:17:52,22:19:44,22:21:42,22:23:50
22:00:00,22:01:53,22:03:20,22:05:08,22:07:02,22:08:16,22:09:33,22:11:29,22:13:50,22:14:30,22:16:09,22:17:17,22:18:13,22:21:15,22:22:52,22:24:44,22:26:42,22:28:50
22:07:00,22:08:53,22:10:20,22:12:08,22:14:02,22:15:16,22:16:33,22:18:29,22:20:50,22:21:30,22:23:09,22:24:17,22:25:13,22:28:15,22:29:52,22:31:44,22:33:42,22:35:50
22:14:00,22:15:53,22:17:20,22:19:08,22:21:02,22:22:16,22:23:33,22:25:29,22:27:50,22:28:30,22:30:09,22:31:17,22:32:13,22:35:15,22:36:52,22:38:44,22:40:42,22:42:50
22:21:00,22:22:53,22:24:20,22:26:08,22:28:02,22:29:16,22:30:33,22:32:29,22:34:50,22:35:30,22:37:09,22:38:17,22:39:13,22:42:15,22:43:52,22:45:44,22:47:42,22:49:50
22:28:00,22:29:53,22:31:20,22:33:08,22:35:02,22:36:16,22:37:33,22:39:29,22:41:50,22:42:30,22:44:09,22:45:17,22:46:13,22:49:15,22:50:52,22:52:44,22:54:42,22:56:50
22:35:00,22:36:53,22:38:20,22:40:08,22:42:02,22:43:16,22:44:33,22:46:29,22:48:50,22:49:30,22:51:09,22:52:17,22:53:13,22:56:15,22:57:52,22:59:44,23:01:42,23:03:50
22:42:00,22:43:53,22:45:20,22:47:08,22:49:02,22:50:16,22:51:33,22:53:29,22:55:50,22:56:30,22:58:09,22:59:17,23:00:13,23:03:15,23:04:52,23:06:44,23:08:42,23:10:50
22:49:00,22:50:53,22:52:20,22:54:08,22:56:02,22:57:16,22:58:33,23:00:29,23:02:50,23:03:30,23:05:09,23:06:17,23:07:13,23:10:15,23:11:52,23:13:44,23:15:42,23:17:50
22:56:00,22:57:53,22:59:20,23:01:08,23:03:02,23:04:16,23:05:33,23:07:29,23:09:50,23:10:30,23:12:09,23:13:17,23:14:13,23:17:15,23:18:52,23:20:44,23:22:42,23:24:50
23:03:00,23:04:53,23:06:20,23:08:08,23:10:02,23:11:16,23:12:33,23:14:29,23:16:50,23:17:30,23:19:09,23:20:17,23:21:13,23:24:15,23:25:52,23:27:44,23:29:42,23:31:50
23:10:00,23:11:53,23:13:20,23:15:08,23:17:02,23:18:16,23:19:33,23:21:29,23:23:50,23:24:30,23:26:09,23:27:17,23:28:13,23:31:15,23:32:52,23:34:44,23:36:42,23:38:50
23:17:00,23:18:53,23:20:20,23:22:08,23:24:02,23:25:16,23:26:33,23:28:29,23:30:50,23:31:30,23:33:09,23:34:17,23:35:13,23:38:15,23:39:52,23:41:44,23:43:42,23:45:50
23:24:00,23:25:53,23:27:20,23:29:08,23:31:02,23:32:16,23:33:33,23:35:29,23:37:50,23:38:30,23:40:09,23:41:17,23:42:13,23:45:15,23:46:52,23:48:44,23:50:42,23:52:50
23:31:00,23:32:53,23:34:20,23:36:08,23:38:02,23:39:16,23:40:33,23:42:29,23:44:50,23:45:30,23:47:09,23:48:17,23:49:13,23:52:15,23:53:52,23:55:44,23:57:42,23:59:50
23:38:00,23:39:53,23:41:20,23:43:08,23:45:02,23:46:16,23:47:33,23:49:29,23:51:50,23:52:30,23:54:09,23:55:17,23:56:13,23:59:15,24:00:52,24:02:44,24:04:42,24:06:50
23:45:00,23:46:53,23:48:20,23:50:08,23:52:02,23:53:16,23:54:33,23:56:29,23:58:50,23:59:30,24:01:09,24:02:17,24:03:13,24:06:15,24:07:52,24:09:44,24:11:42,24:13:50
23:52:00,23:53:53,23:55:20,23:57:08,23:59:02,24:00:16,24:01:33,24:03:29,24:05:50,24:06:30,24:08:09,24:09:17,24:10:13,24:13:15,24:14:52,24:16:44,24:18:42,24:20:50
23:59:00,24:00:53,24:02:20,24:04:08,24:06:02,24:07:16,24:08:33,24:10:29,24:12:50,24:13:30,24:15:09,24:16:17,24:17:13,24:20:15,24:21:52,24:23:44,24:25:42,24:27:50
24:06:00,24:07:53,24:09:20,24:11:08,24:13:02,24:14:16,24:15:33,24:17:29,24:19:50,24:20:30,24:22:09,24:23:17,24:24:13,24:27:15,24:28:52,24:30:44,24:32:42,24:34:50
24:13:00,24:14:53,24:16:20,24:18:08,24:20:02,24:21:16,24:22:33,24:24:29,24:26:50,24:27:30,24:29:09,24:30:17,24:31:13,24:34:15,24:35:52,24:37:44,24:39:42,24:41:50
24:20:00,24:21:53,24:23:20,24:25:08,24:27:02,24:28:16,24:29:33,24:31:29,24:33:50,24:34:30,24:36:09,24:37:17,24:38:13,24:41:15,24:42:52,24:44:44,24:46:42,24:48:50
24:27:00,24:28:53,24:30:20,24:32:08,24:34:02,24:35:16,24:36:33,24:38:29,24:40:50,24:41:30,24:43:09,24:44:17,24:45:13,24:48:15,24:49:52,24:51:44,24:53:42,24:55:50
24:34:00,24:35:53,24:37:20,24:39:08,24:41:02,24:42:16,24:43:33,24:45:29,24:47:50,24:48:30,24:50:09,24:51:17,24:52:13,24:55:15,24:56:52,24:58:44,25:00:42,25:02:50
