La Morlette,Cenon Gare,Brazza,Entre-Deux-Mers,Deschamps,Gare Saint-Jean,André Meunier,Victoire,Palais de Justice,Gambetta-Mériadeck,Cité administrative,Hôpital Pellegrin,Charles Perrens,La Médoquine,Arts-et-Métiers,Sciences Po,Compostelle,Thouars
05:15:00,05:17:08,05:19:05,05:20:58,05:22:35,05:25:37,05:26:33,05:27:40,05:29:20,05:30:00,05:32:21,05:34:17,05:35:34,05:36:47,05:38:42,05:40:30,05:41:57,05:43:50
05:22:00,05:24:08,05:26:05,05:27:58,05:29:35,05:32:37,05:33:33,05:34:40,05:36:20,05:37:00,05:39:21,05:41:17,05:42:34,05:43:47,05:45:42,05:47:30,05:48:57,05:50:50
05:29:00,05:31:08,05:33:05,05:34:58,05:36:35,05:39:37,05:40:33,05:41:40,05:43:20,05:44:00,05:46:21,05:48:17,05:49:34,05:50:47,05:52:42,05:54:30,05:55:57,05:57:50
05:36:00,05:38:08,05:40:05,05:41:58,05:43:35,05:46:37,05:47:33,05:48:40,05:50:20,05:51:00,05:53:21,05:55:17,05:56:34,05:57:47,05:59:42,06:01:30,06:02:57,06:04:50
05:43:00,05:45:08,05:47:05,05:48:58,05:50:35,05:53:37,05:54:33,05:55:40,05:57:20,05:58:00,06:00:21,06:02:17,06:03:34,06:04:47,06:06:42,06:08:30,06:09:57,06:11:50
05:50:00,05:52:08,05:54:05,05:55:58,05:57:35,06:00:37,06:01:33,06:02:40,06:04:20,06:05:00,06:07:21,06:09:17,06:10:34,06:11:47,06:13:42,06:15:30,06:16:57,06:18:50
05:57:00,05:59:08,06:01:05,06:02:58,06:04:35,06:07:37,06:08:33,06:09:40,06:11:20,06:12:00,06:14:21,06:16:17,06:17:34,06:18:47,06:20:42,06:22:30,06:23:57,06:25:50
06:02:00,06:04:08,06:06:05,06:07:58,06:09:35,06:12:37,06:13:33,06:14:40,06:16:20,06:17:00,06:19:21,06:21:17,06:22:34,06:23:47,06:25:42,06:27:30,06:28:57,06:30:50
06:07:00,06:09:08,06:11:05,06:12:58,06:14:35,06:17:37,06:18:33,06:19:40,06:21:20,06:22:00,06:24:21,06:26:17,06:27:34,06:28:47,06:30:42,06:32:30,06:33:57,06:35:50
06:12:00,06:14:08,06:16:05,06:17:58,06:19:35,06:22:37,06:23:33,06:24:40,06:26:20,06:27:00,06:29:21,06:31:17,06:32:34,06:33:47,06:35:42,06:37:30,06:38:57,06:40:50
06:17:00,06:19:08,06:21:05,06:22:58,06:24:35,06:27:37,06:28:33,06:29:40,06:31:20,06:32:00,06:34:21,06:36:17,06:37:34,06:38:47,06:40:42,06:42:30,06:43:57,06:45:50
06:22:00,06:24:08,06:26:05,06:27:58,06:29:35,06:32:37,06:33:33,06:34:40,06:36:20,06:37:00,06:39:21,06:41:17,06:42:34,06:43:47,06:45:42,06:47:30,06:48:57,06:50:50
06:27:00,06:29:08,06:31:05,06:32:58,06:34:35,06:37:37,06:38:33,06:39:40,06:41:20,06:42:00,06:44:21,06:46:17,06:47:34,06:48:47,06:50:42,06:52:30,06:53:57,06:55:50
06:32:00,06:34:08,06:36:05,06:37:58,06:39:35,06:42:37,06:43:33,06:44:40,06:46:20,06:47:00,06:49:21,06:51:17,06:52:34,06:53:47,06:55:42,06:57:30,06:58:57,07:00:50
06:37:00,06:39:08,06:41:05,06:42:58,06:44:35,06:47:37,06:48:33,06:49:40,06:51:20,06:52:00,06:54:21,06:56:17,06:57:34,06:58:47,07:00:42,07:02:30,07:03:57,07:05:50
06:42:00,06:44:08,06:46:05,06:47:58,06:49:35,06:52:37,06:53:33,06:54:40,06:56:20,06:57:00,06:59:21,07:01:17,07:02:34,07:03:47,07:05:42,07:07:30,07:08:57,07:10:50
06:47:00,06:49:08,06:51:05,06:52:58,06:54:35,06:57:37,06:58:33,06:59:40,07:01:20,07:02:00,07:04:21,07:06:17,07:07:34,07:08:47,07:10:42,07:12:30,07:13:57,07:15:50
06:52:00,06:54:08,06:56:05,06:57:58,06:59:35,07:02:37,07:03:33,07:04:40,07:06:20,07:07:00,07:09:21,07:11:17,07:12:34,07:13:47,07:15:42,07:17:30,07:18:57,07:20:50
06:57:00,06:59:08,07:01:05,07:02:58,07:04:35,07:07:37,07:08:33,07:09:40,07:11:20,07:12:00,07:14:21,07:16:17,07:17:34,07:18:47,07:20:42,07:22:30,07:23:57,07:25:50
07:02:00,07:04:08,07:06:05,07:07:58,07:09:35,07:12:37,07:13:33,07:14:40,07:16:20,07:17:00,07:19:21,07:21:17,07:22:34,07:23:47,07:25:42,07:27:30,07:28:57,07:30:50
07:07:00,07:09:08,07:11:05,07:12:58,07:14:35,07:17:37,07:18:33,07:19:40,07:21:20,07:22:00,07:24:21,07:26:17,07:27:34,07:28:47,07:30:42,07:32:30,07:33:57,07:35:50
07:12:00,07:14:08,07:16:05,07:17:58,07:19:35,07:22:37,07:23:33,07:24:40,07:26:20,07:27:00,07:29:21,07:31:17,07:32:34,07:33:47,07:35:42,07:37:30,07:38:57,07:40:50
07:17:00,07:19:08,07:21:05,07:22:58,07:24:35,07:27:37,07:28:33,07:29:40,07:31:20,07:32:00,07:34:21,07:36:17,07:37:34,07:38:47,07:40:42,07:42:30,07:43:57,07:45:50
07:22:00,07:24:08,07:26:05,07:27:58,07:29:35,07:32:37,07:33:33,07:34:40,07:36:20,07:37:00,07:39:21,07:41:17,07:42:34,07:43:47,07:45:42,07:47:30,07:48:57,07:50:50
07:27:00,07:29:08,07:31:05,07:32:58,07:34:35,07:37:37,07:38:33,07:39:40,07:41:20,07:42:00,07:44:21,07:46:17,07:47:34,07:48:47,07:50:42,07:52:30,07:53:57,07:55:50
07:29:30,07:31:38,07:33:35,07:35:28,07:37:05,07:40:07,07:41:03,07:42:10,07:43:50,07:44:30,07:46:51,07:48:47,07:50:04,07:51:17,07:53:12,07:55:00,07:56:27,07:58:20
07:32:00,07:34:08,07:36:05,07:37:58,07:39:35,07:42:37,07:43:33,07:44:40,07:46:20,07:47:00,07:49:21,07:51:17,07:52:34,07:53:47,07:55:42,07:57:30,07:58:57,08:00:50
07:34:30,07:36:38,07:38:35,07:40:28,07:42:05,07:45:07,07:46:03,07:47:10,07:48:50,07:49:30,07:51:51,07:53:47,07:55:04,07:56:17,07:58:12,08:00:00,08:01:27,08:03:20
07:37:00,07:39:08,07:41:05,07:42:58,07:44:35,07:47:37,07:48:33,07:49:40,07:51:20,07:52:00,07:54:21,07:56:17,07:57:34,07:58:47,08:00:42,08:02:30,08:03:57,08:05:50
07:39:30,07:41:38,07:43:35,07:45:28,07:47:05,07:50:07,07:51:03,07:52:10,07:53:50,07:54:30,07:56:51,07:58:47,08:00:04,08:01:17,08:03:12,08:05:00,08:06:27,08:08:20
07:42:00,07:44:08,07:46:05,07:47:58,07:49:35,07:52:37,07:53:33,07:54:40,07:56:20,07:57:00,07:59:21,08:01:17,08:02:34,08:03:47,08:05:42,08:07:30,08:08:57,08:10:50
07:44:30,07:46:38,07:48:35,07:50:28,07:52:05,07:55:07,07:56:03,07:57:10,07:58:50,07:59:30,08:01:51,08:03:47,08:05:04,08:06:17,08:08:12,08:10:00,08:11:27,08:13:20
07:47:00,07:49:08,07:51:05,07:52:58,07:54:35,07:57:37,07:58:33,07:59:40,08:01:20,08:02:00,08:04:21,08:06:17,08:07:34,08:08:47,08:10:42,08:12:30,08:13:57,08:15:50
07:49:30,07:51:38,07:53:35,07:55:28,07:57:05,08:00:07,08:01:03,08:02:10,08:03:50,08:04:30,08:06:51,08:08:47,08:10:04,08:11:17,08:13:12,08:15:00,08:16:27,08:18:20
07:52:00,07:54:08,07:56:05,07:57:58,07:59:35,08:02:37,08:03:33,08:04:40,08:06:20,08:07:00,08:09:21,08:11:17,08:12:34,08:13:47,08:15:42,08:17:30,08:18:57,08:20:50
07:54:30,07:56:38,07:58:35,08:00:28,08:02:05,08:05:07,08:06:03,08:07:10,08:08:50,08:09:30,08:11:51,08:13:47,08:15:04,08:16:17,08:18:12,08:20:00,08:21:27,08:23:20
07:57:00,07:59:08,08:01:05,08:02:58,08:04:35,08:07:37,08:08:33,08:09:40,08:11:20,08:12:00,08:14:21,08:16:17,08:17:34,08:18:47,08:20:42,08:22:30,08:23:57,08:25:50
07:59:30,08:01:38,08:03:35,08:05:28,08:07:05,08:10:07,08:11:03,08:12:10,08:13:50,08:14:30,08:16:51,08:18:47,08:20:04,08:21:17,08:23:12,08:25:00,08:26:27,08:28:20
08:02:00,08:04:08,08:06:05,08:07:58,08:09:35,08:12:37,08:13:33,08:14:40,08:16:20,08:17:00,08:19:21,08:21:17,08:22:34,08:23:47,08:25:42,08:27:30,08:28:57,08:30:50
08:04:30,08:06:38,08:08:35,08:10:28,08:12:05,08:15:07,08:16:03,08:17:10,08:18:50,08:19:30,08:21:51,08:23:47,08:25:04,08:26:17,08:28:12,08:30:00,08:31:27,08:33:20
08:07:00,08:09:08,08:11:05,08:12:58,08:14:35,08:17:37,08:18:33,08:19:40,08:21:20,08:22:00,08:24:21,08:26:17,08:27:34,08:28:47,08:30:42,08:32:30,08:33:57,08:35:50
08:09:30,08:11:38,08:13:35,08:15:28,08:17:05,08:20:07,08:21:03,08:22:10,08:23:50,08:24:30,08:26:51,08:28:47,08:30:04,08:31:17,08:33:12,08:35:00,08:36:27,08:38:20
08:12:00,08:14:08,08:16:05,08:17:58,08:19:35,08:22:37,08:23:33,08:24:40,08:26:20,08:27:00,08:29:21,08:31:17,08:32:34,08:33:47,08:35:42,08:37:30,08:38:57,08:40:50
08:14:30,08:16:38,08:18:35,08:20:28,08:22:05,08:25:07,08:26:03,08:27:10,08:28:50,08:29:30,08:31:51,08:33:47,08:35:04,08:36:17,08:38:12,08:40:00,08:41:27,08:43:20
08:17:00,08:19:08,08:21:05,08:22:58,08:24:35,08:27:37,08:28:33,08:29:40,08:31:20,08:32:00,08:34:21,08:36:17,08:37:34,08:38:47,08:40:42,08:42:30,08:43:57,08:45:50
08:19:30,08:21:38,08:23:35,08:25:28,08:27:05,08:30:07,08:31:03,08:32:10,08:33:50,08:34:30,08:36:51,08:38:47,08:40:04,08:41:17,08:43:12,08:45:00,08:46:27,08:48:20
08:22:00,08:24:08,08:26:05,08:27:58,08:29:35,08:32:37,08:33:33,08:34:40,08:36:20,08:37:00,08:39:21,08:41:17,08:42:34,08:43:47,08:45:42,08:47:30,08:48:57,08:50:50
08:24:30,08:26:38,08:28:35,08:30:28,08:32:05,08:35:07,08:36:03,08:37:10,08:38:50,08:39:30,08:41:51,08:43:47,08:45:04,08:46:17,08:48:12,08:50:00,08:51:27,08:53:20
08:27:00,08:29:08,08:31:05,08:32:58,08:34:35,08:37:37,08:38:33,08:39:40,08:41:20,08:42:00,08:44:21,08:46:17,08:47:34,08:48:47,08:50:42,08:52:30,08:53:57,08:55:50
08:29:30,08:31:38,08:33:35,08:35:28,08:37:05,08:40:07,08:41:03,08:42:10,08:43:50,08:44:30,08:46:51,08:48:47,08:50:04,08:51:17,08:53:12,08:55:00,08:56:27,08:58:20
08:32:00,08:34:08,08:36:05,08:37:58,08:39:35,08:42:37,08:43:33,08:44:40,08:46:20,08:47:00,08:49:21,08:51:17,08:52:34,08:53:47,08:55:42,08:57:30,08:58:57,09:00:50
08:34:30,08:36:38,08:38:35,08:40:28,08:42:05,08:45:07,08:46:03,08:47:10,08:48:50,08:49:30,08:51:51,08:53:47,08:55:04,08:56:17,08:58:12,09:00:00,09:01:27,09:03:20
08:37:00,08:39:08,08:41:05,08:42:58,08:44:35,08:47:37,08:48:33,08:49:40,08:51:20,08:52:00,08:54:21,08:56:17,08:57:34,08:58:47,09:00:42,09:02:30,09:03:57,09:05:50
08:39:30,08:41:38,08:43:35,08:45:28,08:47:05,08:50:07,08:51:03,08:52:10,08:53:50,08:54:30,08:56:51,08:58:47,09:00:04,09:01:17,09:03:12,09:05:00,09:06:27,09:08:20
08:42:00,08:44:08,08:46:05,08:47:58,08:49:35,08:52:37,08:53:33,08:54:40,08:56:20,08:57:00,08:59:21,09:01:17,09:02:34,09:03:47,09:05:42,09:07:30,09:08:57,09:10:50
08:44:30,08:46:38,08:48:35,08:50:28,08:52:05,08:55:07,08:56:03,08:57:10,08:58:50,08:59:30,09:01:51,09:03:47,09:05:04,09:06:17,09:08:12,09:10:00,09:11:27,09:13:20
08:47:00,08:49:08,08:51:05,08:52:58,08:54:35,08:57:37,08:58:33,08:59:40,09:01:20,09:02:00,09:04:21,09:06:17,09:07:34,09:08:47,09:10:42,09:12:30,09:13:57,09:15:50
08:49:30,08:51:38,08:53:35,08:55:28,08:57:05,09:00:07,09:01:03,09:02:10,09:03:50,09:04:30,09:06:51,09:08:47,09:10:04,09:11:17,09:13:12,09:15:00,09:16:27,09:18:20
08:52:00,08:54:08,08:56:05,08:57:58,08:59:35,09:02:37,09:03:33,09:04:40,09:06:20,09:07:00,09:09:21,09:11:17,09:12:34,09:13:47,09:15:42,09:17:30,09:18:57,09:20:50
08:54:30,08:56:38,08:58:35,09:00:28,09:02:05,09:05:07,09:06:03,09:07:10,09:08:50,09:09:30,09:11:51,09:13:47,09:15:04,09:16:17,09:18:12,09:20:00,09:21:27,09:23:20
08:57:00,08:59:08,09:01:05,09:02:58,09:04:35,09:07:37,09:08:33,09:09:40,09:11:20,09:12:00,09:14:21,09:16:17,09:17:34,09:18:47,09:20:42,09:22:30,09:23:57,09:25:50
08:59:30,09:01:38,09:03:35,09:05:28,09:07:05,09:10:07,09:11:03,09:12:10,09:13:50,09:14:30,09:16:51,09:18:47,09:20:04,09:21:17,09:23:12,09:25:00,09:26:27,09:28:20
09:02:00,09:04:08,09:06:05,09:07:58,09:09:35,09:12:37,09:13:33,09:14:40,09:16:20,09:17:00,09:19:21,09:21:17,09:22:34,09:23:47,09:25:42,09:27:30,09:28:57,09:30:50
09:04:30,09:06:38,09:08:35,09:10:28,09:12:05,09:15:07,09:16:03,09:17:10,09:18:50,09:19:30,09:21:51,09:23:47,09:25:04,09:26:17,09:28:12,09:30:00,09:31:27,09:33:20
09:07:00,09:09:08,09:11:05,09:12:58,09:14:35,09:17:37,09:18:33,09:19:40,09:21:20,09:22:00,09:24:21,09:26:17,09:27:34,09:28:47,09:30:42,09:32:30,09:33:57,09:35:50
09:09:30,09:11:38,09:13:35,09:15:28,09:17:05,09:20:07,09:21:03,09:22:10,09:23:50,09:24:30,09:26:51,09:28:47,09:30:04,09:31:17,09:33:12,09:35:00,09:36:27,09:38:20
09:12:00,09:14:08,09:16:05,09:17:58,09:19:35,09:22:37,09:23:33,09:24:40,09:26:20,09:27:00,09:29:21,09:31:17,09:32:34,09:33:47,09:35:42,09:37:30,09:38:57,09:40:50
09:14:30,09:16:38,09:18:35,09:20:28,09:22:05,09:25:07,09:26:03,09:27:10,09:28:50,09:29:30,09:31:51,09:33:47,09:35:04,09:36:17,09:38:12,09:40:00,09:41:27,09:43:20
09:17:00,09:19:08,09:21:05,09:22:58,09:24:35,09:27:37,09:28:33,09:29:40,09:31:20,09:32:00,09:34:21,09:36:17,09:37:34,09:38:47,09:40:42,09:42:30,09:43:57,09:45:50
09:19:30,09:21:38,09:23:35,09:25:28,09:27:05,09:30:07,09:31:03,09:32:10,09:33:50,09:34:30,09:36:51,09:38:47,09:40:04,09:41:17,09:43:12,09:45:00,09:46:27,09:48:20
09:22:00,09:24:08,09:26:05,09:27:58,09:29:35,09:32:37,09:33:33,09:34:40,09:36:20,09:37:00,09:39:21,09:41:17,09:42:34,09:43:47,09:45:42,09:47:30,09:48:57,09:50:50
09:24:30,09:26:38,09:28:35,09:30:28,09:32:05,09:35:07,09:36:03,09:37:10,09:38:50,09:39:30,09:41:51,09:43:47,09:45:04,09:46:17,09:48:12,09:50:00,09:51:27,09:53:20
09:27:00,09:29:08,09:31:05,09:32:58,09:34:35,09:37:37,09:38:33,09:39:40,09:41:20,09:42:00,09:44:21,09:46:17,09:47:34,09:48:47,09:50:42,09:52:30,09:53:57,09:55:50
09:29:30,09:31:38,09:33:35,09:35:28,09:37:05,09:40:07,09:41:03,09:42:10,09:43:50,09:44:30,09:46:51,09:48:47,09:50:04,09:51:17,09:53:12,09:55:00,09:56:27,09:58:20
09:32:00,09:34:08,09:36:05,09:37:58,09:39:35,09:42:37,09:43:33,09:44:40,09:46:20,09:47:00,09:49:21,09:51:17,09:52:34,09:53:47,09:55:42,09:57:30,09:58:57,10:00:50
09:36:00,09:38:08,09:40:05,09:41:58,09:43:35,09:46:37,09:47:33,09:48:40,09:50:20,09:51:00,09:53:21,09:55:17,09:56:34,09:57:47,09:59:42,10:01:30,10:02:57,10:04:50
09:40:00,09:42:08,09:44:05,09:45:58,09:47:35,09:50:37,09:51:33,09:52:40,09:54:20,09:55:00,09:57:21,09:59:17,10:00:34,10:01:47,10:03:42,10:05:30,10:06:57,10:08:50
09:44:00,09:46:08,09:48:05,09:49:58,09:51:35,09:54:37,09:55:33,09:56:40,09:58:20,09:59:00,10:01:21,10:03:17,10:04:34,10:05:47,10:07:42,10:09:30,10:10:57,10:12:50
09:48:00,09:50:08,09:52:05,09:53:58,09:55:35,09:58:37,09:59:33,10:00:40,10:02:20,10:03:00,10:05:21,10:07:17,10:08:34,10:09:47,10:11:42,10:13:30,10:14:57,10:16:50
09:52:00,09:54:08,09:56:05,09:57:58,09:59:35,10:02:37,10:03:33,10:04:40,10:06:20,10:07:00,10:09:21,10:11:17,10:12:34,10:13:47,10:15:42,10:17:30,10:18:57,10:20:50
09:56:00,09:58:08,10:00:05,10:01:58,10:03:35,10:06:37,10:07:33,10:08:40,10:10:20,10:11:00,10:13:21,10:15:17,10:16:34,10:17:47,10:19:42,10:21:30,10:22:57,10:24:50
10:00:00,10:02:08,10:04:05,10:05:58,10:07:35,10:10:37,10:11:33,10:12:40,10:14:20,10:15:00,10:17:21,10:19:17,10:20:34,10:21:47,10:23:42,10:25:30,10:26:57,10:28:50
10:04:00,10:06:08,10:08:05,10:09:58,10:11:35,10:14:37,10:15:33,10:16:40,10:18:20,10:19:00,10:21:21,10:23:17,10:24:34,10:25:47,10:27:42,10:29:30,10:30:57,10:32:50
10:08:00,10:10:08,10:12:05,10:13:58,10:15:35,10:18:37,10:19:33,10:20:40,10:22:20,10:23:00,10:25:21,10:27:17,10:28:34,10:29:47,10:31:42,10:33:30,10:34:57,10:36:50
10:12:00,10:14:08,10:16:05,10:17:58,10:19:35,10:22:37,10:23:33,10:24:40,10:26:20,10:27:00,10:29:21,10:31:17,10:32:34,10:33:47,10:35:42,10:37:30,10:38:57,10:40:50
10:16:00,10:18:08,10:20:05,10:21:58,10:23:35,10:26:37,10:27:33,10:28:40,10:30:20,10:31:00,10:33:21,10:35:17,10:36:34,10:37:47,10:39:42,10:41:30,10:42:57,10:44:50
10:20:00,10:22:08,10:24:05,10:25:58,10:27:35,10:30:37,10:31:33,10:32:40,10:34:20,10:35:00,10:37:21,10:39:17,10:40:34,10:41:47,10:43:42,10:45:30,10:46:57,10:48:50
10:24:00,10:26:08,10:28:05,10:29:58,10:31:35,10:34:37,10:35:33,10:36:40,10:38:20,10:39:00,10:41:21,10:43:17,10:44:34,10:45:47,10:47:42,10:49:30,10:50:57,10:52:50
10:28:00,10:30:08,10:32:05,10:33:58,10:35:35,10:38:37,10:39:33,10:40:40,10:42:20,10:43:00,10:45:21,10:47:17,10:48:34,10:49:47,10:51:42,10:53:30,10:54:57,10:56:50
10:32:00,10:34:08,10:36:05,10:37:58,10:39:35,10:42:37,10:43:33,10:44:40,10:46:20,10:47:00,10:49:21,10:51:17,10:52:34,10:53:47,10:55:42,10:57:30,10:58:57,11:00:50
10:36:00,10:38:08,10:40:05,10:41:58,10:43:35,10:46:37,10:47:33,10:48:40,10:50:20,10:51:00,10:53:21,10:55:17,10:56:34,10:57:47,10:59:42,11:01:30,11:02:57,11:04:50
10:40:00,10:42:08,10:44:05,10:45:58,10:47:35,10:50:37,10:51:33,10:52:40,10:54:20,10:55:00,10:57:21,10:59:17,11:00:34,11:01:47,11:03:42,11:05:30,11:06:57,11:08:50
10:44:00,10:46:08,10:48:05,10:49:58,10:51:35,10:54:37,10:55:33,10:56:40,10:58:20,10:59:00,11:01:21,11:03:17,11:04:34,11:05:47,11:07:42,11:09:30,11:10:57,11:12:50
10:48:00,10:50:08,10:52:05,10:53:58,10:55:35,10:58:37,10:59:33,11:00:40,11:02:20,11:03:00,11:05:21,11:07:17,11:08:34,11:09:47,11:11:42,11:13:30,11:14:57,11:16:50
10:52:00,10:54:08,10:56:05,10:57:58,10:59:35,11:02:37,11:03:33,11:04:40,11:06:20,11:07:00,11:09:21,11:11:17,11:12:34,11:13:47,11:15:42,11:17:30,11:18:57,11:20:50
10:56:00,10:58:08,11:00:05,11:01:58,11:03:35,11:06:37,11:07:33,11:08:40,11:10:20,11:11:00,11:13:21,11:15:17,11:16:34,11:17:47,11:19:42,11:21:30,11:22:57,11:24:50
11:00:00,11:02:08,11:04:05,11:05:58,11:07:35,11:10:37,11:11:33,11:12:40,11:14:20,11:15:00,11:17:21,11:19:17,11:20:34,11:21:47,11:23:42,11:25:30,11:26:57,11:28:50
11:04:00,11:06:08,11:08:05,11:09:58,11:11:35,11:14:37,11:15:33,11:16:40,11:18:20,11:19:00,11:21:21,11:23:17,11:24:34,11:25:47,11:27:42,11:29:30,11:30:57,11:32:50
11:08:00,11:10:08,11:12:05,11:13:58,11:15:35,11:18:37,11:19:33,11:20:40,11:22:20,11:23:00,11:25:21,11:27:17,11:28:34,11:29:47,11:31:42,11:33:30,11:34:57,11:36:50
11:12:00,11:14:08,11:16:05,11:17:58,11:19:35,11:22:37,11:23:33,11:24:40,11:26:20,11:27:00,11:29:21,11:31:17,11:32:34,11:33:47,11:35:42,11:37:30,11:38:57,11:40:50
11:16:00,11:18:08,11:20:05,11:21:58,11:23:35,11:26:37,11:27:33,11:28:40,11:30:20,11:31:00,11:33:21,11:35:17,11:36:34,11:37:47,11:39:42,11:41:30,11:42:57,11:44:50
11:20:00,11:22:08,11:24:05,11:25:58,11:27:35,11:30:37,11:31:33,11:32:40,11:34:20,11:35:00,11:37:21,11:39:17,11:40:34,11:41:47,11:43:42,11:45:30,11:46:57,11:48:50
11:24:00,11:26:08,11:28:05,11:29:58,11:31:35,11:34:37,11:35:33,11:36:40,11:38:20,11:39:00,11:41:21,11:43:17,11:44:34,11:45:47,11:47:42,11:49:30,11:50:57,11:52:50
11:28:00,11:30:08,11:32:05,11:33:58,11:35:35,11:38:37,11:39:33,11:40:40,11:42:20,11:43:00,11:45:21,11:47:17,11:48:34,11:49:47,11:51:42,11:53:30,11:54:57,11:56:50
11:32:00,11:34:08,11:36:05,11:37:58,11:39:35,11:42:37,11:43:33,11:44:40,11:46:20,11:47:00,11:49:21,11:51:17,11:52:34,11:53:47,11:55:42,11:57:30,11:58:57,12:00:50
11:36:00,11:38:08,11:40:05,11:41:58,11:43:35,11:46:37,11:47:33,11:48:40,11:50:20,11:51:00,11:53:21,11:55:17,11:56:34,11:57:47,11:59:42,12:01:30,12:02:57,12:04:50
11:40:00,11:42:08,11:44:05,11:45:58,11:47:35,11:50:37,11:51:33,11:52:40,11:54:20,11:55:00,11:57:21,11:59:17,12:00:34,12:01:47,12:03:42,12:05:30,12:06:57,12:08:50
11:44:00,11:46:08,11:48:05,11:49:58,11:51:35,11:54:37,11:55:33,11:56:40,11:58:20,11:59:00,12:01:21,12:03:17,12:04:34,12:05:47,12:07:42,12:09:30,12:10:57,12:12:50
11:48:00,11:50:08,11:52:05,11:53:58,11:55:35,11:58:37,11:59:33,12:00:40,12:02:20,12:03:00,12:05:21,12:07:17,12:08:34,12:09:47,12:11:42,12:13:30,12:14:57,12:16:50
11:52:00,11:54:08,11:56:05,11:57:58,11:59:35,12:02:37,12:03:33,12:04:40,12:06:20,12:07:00,12:09:21,12:11:17,12:12:34,12:13:47,12:15:42,12:17:30,12:18:57,12:20:50
11:56:00,11:58:08,12:00:05,12:01:58,12:03:35,12:06:37,12:07:33,12:08:40,12:10:20,12:11:00,12:13:21,12:15:17,12:16:34,12:17:47,12:19:42,12:21:30,12:22:57,12:24:50
12:00:00,12:02:08,12:04:05,12:05:58,12:07:35,12:10:37,12:11:33,12:12:40,12:14:20,12:15:00,12:17:21,12:19:17,12:20:34,12:21:47,12:23:42,12:25:30,12:26:57,12:28:50
12:03:00,12:05:08,12:07:05,12:08:58,12:10:35,12:13:37,12:14:33,12:15:40,12:17:20,12:18:00,12:20:21,12:22:17,12:23:34,12:24:47,12:26:42,12:28:30,12:29:57,12:31:50
12:06:00,12:08:08,12:10:05,12:11:58,12:13:35,12:16:37,12:17:33,12:18:40,12:20:20,12:21:00,12:23:21,12:25:17,12:26:34,12:27:47,12:29:42,12:31:30,12:32:57,12:34:50
12:09:00,12:11:08,12:13:05,12:14:58,12:16:35,12:19:37,12:20:33,12:21:40,12:23:20,12:24:00,12:26:21,12:28:17,12:29:34,12:30:47,12:32:42,12:34:30,12:35:57,12:37:50
12:12:00,12:14:08,12:16:05,12:17:58,12:19:35,12:22:37,12:23:33,12:24:40,12:26:20,12:27:00,12:29:21,12:31:17,12:32:34,12:33:47,12:35:42,12:37:30,12:38:57,12:40:50
12:15:00,12:17:08,12:19:05,12:20:58,12:22:35,12:25:37,12:26:33,12:27:40,12:29:20,12:30:00,12:32:21,12:34:17,12:35:34,12:36:47,12:38:42,12:40:30,12:41:57,12:43:50
12:18:00,12:20:08,12:22:05,12:23:58,12:25:35,12:28:37,12:29:33,12:30:40,12:32:20,12:33:00,12:35:21,12:37:17,12:38:34,12:39:47,12:41:42,12:43:30,12:44:57,12:46:50
12:21:00,12:23:08,12:25:05,12:26:58,12:28:35,12:31:37,12:32:33,12:33:40,12:35:20,12:36:00,12:38:21,12:40:17,12:41:34,12:42:47,12:44:42,12:46:30,12:47:57,12:49:50
12:24:00,12:26:08,12:28:05,12:29:58,12:31:35,12:34:37,12:35:33,12:36:40,12:38:20,12:39:00,12:41:21,12:43:17,12:44:34,12:45:47,12:47:42,12:49:30,12:50:57,12:52:50
12:27:00,12:29:08,12:31:05,12:32:58,12:34:35,12:37:37,12:38:33,12:39:40,12:41:20,12:42:00,12:44:21,12:46:17,12:47:34,12:48:47,12:50:42,12:52:30,12:53:57,12:55:50
12:30:00,12:32:08,12:34:05,12:35:58,12:37:35,12:40:37,12:41:33,12:42:40,12:44:20,12:45:00,12:47:21,12:49:17,12:50:34,12:51:47,12:53:42,12:55:30,12:56:57,12:58:50
12:33:00,12:35:08,12:37:05,12:38:58,12:40:35,12:43:37,12:44:33,12:45:40,12:47:20,12:48:00,12:50:21,12:52:17,12:53:34,12:54:47,12:56:42,12:58:30,12:59:57,13:01:50
12:36:00,12:38:08,12:40:05,12:41:58,12:43:35,12:46:37,12:47:33,12:48:40,12:50:20,12:51:00,12:53:21,12:55:17,12:56:34,12:57:47,12:59:42,13:01:30,13:02:57,13:04:50
12:39:00,12:41:08,12:43:05,12:44:58,12:46:35,12:49:37,12:50:33,12:51:40,12:53:20,12:54:00,12:56:21,12:58:17,12:59:34,13:00:47,13:02:42,13:04:30,13:05:57,13:07:50
12:42:00,12:44:08,12:46:05,12:47:58,12:49:35,12:52:37,12:53:33,12:54:40,12:56:20,12:57:00,12:59:21,13:01:17,13:02:34,13:03:47,13:05:42,13:07:30,13:08:57,13:10:50
12:45:00,12:47:08,12:49:05,12:50:58,12:52:35,12:55:37,12:56:33,12:57:40,12:59:20,13:00:00,13:02:21,13:04:17,13:05:34,13:06:47,13:08:42,13:10:30,13:11:57,13:13:50
12:48:00,12:50:08,12:52:05,12:53:58,12:55:35,12:58:37,12:59:33,13:00:40,13:02:20,13:03:00,13:05:21,13:07:17,13:08:34,13:09:47,13:11:42,13:13:30,13:14:57,13:16:50
12:51:00,12:53:08,12:55:05,12:56:58,12:58:35,13:01:37,13:02:33,13:03:40,13:05:20,13:06:00,13:08:21,13:10:17,13:11:34,13:12:47,13:14:42,13:16:30,13:17:57,13:19:50
12:54:00,12:56:08,12:58:05,12:59:58,13:01:35,13:04:37,13:05:33,13:06:40,13:08:20,13:09:00,13:11:21,13:13:17,13:14:34,13:15:47,13:17:42,13:19:30,13:20:57,13:22:50
12:57:00,12:59:08,13:01:05,13:02:58,13:04:35,13:07:37,13:08:33,13:09:40,13:11:20,13:12:00,13:14:21,13:16:17,13:17:34,13:18:47,13:20:42,13:22:30,13:23:57,13:25:50
13:00:00,13:02:08,13:04:05,13:05:58,13:07:35,13:10:37,13:11:33,13:12:40,13:14:20,13:15:00,13:17:21,13:19:17,13:20:34,13:21:47,13:23:42,13:25:30,13:26:57,13:28:50
13:03:00,13:05:08,13:07:05,13:08:58,13:10:35,13:13:37,13:14:33,13:15:40,13:17:20,13:18:00,13:20:21,13:22:17,13:23:34,13:24:47,13:26:42,13:28:30,13:29:57,13:31:50
13:06:00,13:08:08,13:10:05,13:11:58,13:13:35,13:16:37,13:17:33,13:18:40,13:20:20,13:21:00,13:23:21,13:25:17,13:26:34,13:27:47,13:29:42,13:31:30,13:32:57,13:34:50
13:09:00,13:11:08,13:13:05,13:14:58,13:16:35,13:19:37,13:20:33,13:21:40,13:23:20,13:24:00,13:26:21,13:28:17,13:29:34,13:30:47,13:32:42,13:34:30,13:35:57,13:37:50
13:12:00,13:14:08,13:16:05,13:17:58,13:19:35,13:22:37,13:23:33,13:24:40,13:26:20,13:27:00,13:29:21,13:31:17,13:32:34,13:33:47,13:35:42,13:37:30,13:38:57,13:40:50
13:15:00,13:17:08,13:19:05,13:20:58,13:22:35,13:25:37,13:26:33,13:27:40,13:29:20,13:30:00,13:32:21,13:34:17,13:35:34,13:36:47,13:38:42,13:40:30,13:41:57,13:43:50
13:18:00,13:20:08,13:22:05,13:23:58,13:25:35,13:28:37,13:29:33,13:30:40,13:32:20,13:33:00,13:35:21,13:37:17,13:38:34,13:39:47,13:41:42,13:43:30,13:44:57,13:46:50
13:21:00,13:23:08,13:25:05,13:26:58,13:28:35,13:31:37,13:32:33,13:33:40,13:35:20,13:36:00,13:38:21,13:40:17,13:41:34,13:42:47,13:44:42,13:46:30,13:47:57,13:49:50
13:24:00,13:26:08,13:28:05,13:29:58,13:31:35,13:34:37,13:35:33,13:36:40,13:38:20,13:39:00,13:41:21,13:43:17,13:44:34,13:45:47,13:47:42,13:49:30,13:50:57,13:52:50
13:27:00,13:29:08,13:31:05,13:32:58,13:34:35,13:37:37,13:38:33,13:39:40,13:41:20,13:42:00,13:44:21,13:46:17,13:47:34,13:48:47,13:50:42,13:52:30,13:53:57,13:55:50
13:30:00,13:32:08,13:34:05,13:35:58,13:37:35,13:40:37,13:41:33,13:42:40,13:44:20,13:45:00,13:47:21,13:49:17,13:50:34,13:51:47,13:53:42,13:55:30,13:56:57,13:58:50
13:33:00,13:35:08,13:37:05,13:38:58,13:40:35,13:43:37,13:44:33,13:45:40,13:47:20,13:48:00,13:50:21,13:52:17,13:53:34,13:54:47,13:56:42,13:58:30,13:59:57,14:01:50
13:36:00,13:38:08,13:40:05,13:41:58,13:43:35,13:46:37,13:47:33,13:48:40,13:50:20,13:51:00,13:53:21,13:55:17,13:56:34,13:57:47,13:59:42,14:01:30,14:02:57,14:04:50
13:39:00,13:41:08,13:43:05,13:44:58,13:46:35,13:49:37,13:50:33,13:51:40,13:53:20,13:54:00,13:56:21,13:58:17,13:59:34,14:00:47,14:02:42,14:04:30,14:05:57,14:07:50
13:42:00,13:44:08,13:46:05,13:47:58,13:49:35,13:52:37,13:53:33,13:54:40,13:56:20,13:57:00,13:59:21,14:01:17,14:02:34,14:03:47,14:05:42,14:07:30,14:08:57,14:10:50
13:45:00,13:47:08,13:49:05,13:50:58,13:52:35,13:55:37,13:56:33,13:57:40,13:59:20,14:00:00,14:02:21,14:04:17,14:05:34,14:06:47,14:08:42,14:10:30,14:11:57,14:13:50
13:48:00,13:50:08,13:52:05,13:53:58,13:55:35,13:58:37,13:59:33,14:00:40,14:02:20,14:03:00,14:05:21,14:07:17,14:08:34,14:09:47,14:11:42,14:13:30,14:14:57,14:16:50
13:51:00,13:53:08,13:55:05,13:56:58,13:58:35,14:01:37,14:02:33,14:03:40,14:05:20,14:06:00,14:08:21,14:10:17,14:11:34,14:12:47,14:14:42,14:16:30,14:17:57,14:19:50
13:54:00,13:56:08,13:58:05,13:59:58,14:01:35,14:04:37,14:05:33,14:06:40,14:08:20,14:09:00,14:11:21,14:13:17,14:14:34,14:15:47,14:17:42,14:19:30,14:20:57,14:22:50
13:57:00,13:59:08,14:01:05,14:02:58,14:04:35,14:07:37,14:08:33,14:09:40,14:11:20,14:12:00,14:14:21,14:16:17,14:17:34,14:18:47,14:20:42,14:22:30,14:23:57,14:25:50
14:00:00,14:02:08,14:04:05,14:05:58,14:07:35,14:10:37,14:11:33,14:12:40,14:14:20,14:15:00,14:17:21,14:19:17,14:20:34,14:21:47,14:23:42,14:25:30,14:26:57,14:28:50
14:04:00,14:06:08,14:08:05,14:09:58,14:11:35,14:14:37,14:15:33,14:16:40,14:18:20,14:19:00,14:21:21,14:23:17,14:24:34,14:25:47,14:27:42,14:29:30,14:30:57,14:32:50
14:08:00,14:10:08,14:12:05,14:13:58,14:15:35,14:18:37,14:19:33,14:20:40,14:22:20,14:23:00,14:25:21,14:27:17,14:28:34,14:29:47,14:31:42,14:33:30,14:34:57,14:36:50
14:12:00,14:14:08,14:16:05,14:17:58,14:19:35,14:22:37,14:23:33,14:24:40,14:26:20,14:27:00,14:29:21,14:31:17,14:32:34,14:33:47,14:35:42,14:37:30,14:38:57,14:40:50
14:16:00,14:18:08,14:20:05,14:21:58,14:23:35,14:26:37,14:27:33,14:28:40,14:30:20,14:31:00,14:33:21,14:35:17,14:36:34,14:37:47,14:39:42,14:41:30,14:42:57,14:44:50
14:20:00,14:22:08,14:24:05,14:25:58,14:27:35,14:30:37,14:31:33,14:32:40,14:34:20,14:35:00,14:37:21,14:39:17,14:40:34,14:41:47,14:43:42,14:45:30,14:46:57,14:48:50
14:24:00,14:26:08,14:28:05,14:29:58,14:31:35,14:34:37,14:35:33,14:36:40,14:38:20,14:39:00,14:41:21,14:43:17,14:44:34,14:45:47,14:47:42,14:49:30,14:50:57,14:52:50
14:28:00,14:30:08,14:32:05,14:33:58,14:35:35,14:38:37,14:39:33,14:40:40,14:42:20,14:43:00,14:45:21,14:47:17,14:48:34,14:49:47,14:51:42,14:53:30,14:54:57,14:56:50
14:32:00,14:34:08,14:36:05,14:37:58,14:39:35,14:42:37,14:43:33,14:44:40,14:46:20,14:47:00,14:49:21,14:51:17,14:52:34,14:53:47,14:55:42,14:57:30,14:58:57,15:00:50
14:36:00,14:38:08,14:40:05,14:41:58,14:43:35,14:46:37,14:47:33,14:48:40,14:50:20,14:51:00,14:53:21,14:55:17,14:56:34,14:57:47,14:59:42,15:01:30,15:02:57,15:04:50
14:40:00,14:42:08,14:44:05,14:45:58,14:47:35,14:50:37,14:51:33,14:52:40,14:54:20,14:55:00,14:57:21,14:59:17,15:00:34,15:01:47,15:03:42,15:05:30,15:06:57,15:08:50
14:44:00,14:46:08,14:48:05,14:49:58,14:51:35,14:54:37,14:55:33,14:56:40,14:58:20,14:59:00,15:01:21,15:03:17,15:04:34,15:05:47,15:07:42,15:09:30,15:10:57,15:12:50
14:48:00,14:50:08,14:52:05,14:53:58,14:55:35,14:58:37,14:59:33,15:00:40,15:02:20,15:03:00,15:05:21,15:07:17,15:08:34,15:09:47,15:11:42,15:13:30,15:14:57,15:16:50
14:52:00,14:54:08,14:56:05,14:57:58,14:59:35,15:02:37,15:03:33,15:04:40,15:06:20,15:07:00,15:09:21,15:11:17,15:12:34,15:13:47,15:15:42,15:17:30,15:18:57,15:20:50
14:56:00,14:58:08,15:00:05,15:01:58,15:03:35,15:06:37,15:07:33,15:08:40,15:10:20,15:11:00,15:13:21,15:15:17,15:16:34,15:17:47,15:19:42,15:21:30,15:22:57,15:24:50
15:00:00,15:02:08,15:04:05,15:05:58,15:07:35,15:10:37,15:11:33,15:12:40,15:14:20,15:15:00,15:17:21,15:19:17,15:20:34,15:21:47,15:23:42,15:25:30,15:26:57,15:28:50
15:04:00,15:06:08,15:08:05,15:09:58,15:11:35,15:14:37,15:15:33,15:16:40,15:18:20,15:19:00,15:21:21,15:23:17,15:24:34,15:25:47,15:27:42,15:29:30,15:30:57,15:32:50
15:08:00,15:10:08,15:12:05,15:13:58,15:15:35,15:18:37,15:19:33,15:20:40,15:22:20,15:23:00,15:25:21,15:27:17,15:28:34,15:29:47,15:31:42,15:33:30,15:34:57,15:36:50
15:12:00,15:14:08,15:16:05,15:17:58,15:19:35,15:22:37,15:23:33,15:24:40,15:26:20,15:27:00,15:29:21,15:31:17,15:32:34,15:33:47,15:35:42,15:37:30,15:38:57,15:40:50
15:16:00,15:18:08,15:20:05,15:21:58,15:23:35,15:26:37,15:27:33,15:28:40,15:30:20,15:31:00,15:33:21,15:35:17,15:36:34,15:37:47,15:39:42,15:41:30,15:42:57,15:44:50
15:20:00,15:22:08,15:24:05,15:25:58,15:27:35,15:30:37,15:31:33,15:32:40,15:34:20,15:35:00,15:37:21,15:39:17,15:40:34,15:41:47,15:43:42,15:45:30,15:46:57,15:48:50
15:24:00,15:26:08,15:28:05,15:29:58,15:31:35,15:34:37,15:35:33,15:36:40,15:38:20,15:39:00,15:41:21,15:43:17,15:44:34,15:45:47,15:47:42,15:49:30,15:50:57,15:52:50
15:28:00,15:30:08,15:32:05,15:33:58,15:35:35,15:38:37,15:39:33,15:40:40,15:42:20,15:43:00,15:45:21,15:47:17,15:48:34,15:49:47,15:51:42,15:53:30,15:54:57,15:56:50
15:32:00,15:34:08,15:36:05,15:37:58,15:39:35,15:42:37,15:43:33,15:44:40,15:46:20,15:47:00,15:49:21,15:51:17,15:52:34,15:53:47,15:55:42,15:57:30,15:58:57,16:00:50
15:36:00,15:38:08,15:40:05,15:41:58,15:43:35,15:46:37,15:47:33,15:48:40,15:50:20,15:51:00,15:53:21,15:55:17,15:56:34,15:57:47,15:59:42,16:01:30,16:02:57,16:04:50
15:40:00,15:42:08,15:44:05,15:45:58,15:47:35,15:50:37,15:51:33,15:52:40,15:54:20,15:55:00,15:57:21,15:59:17,16:00:34,16:01:47,16:03:42,16:05:30,16:06:57,16:08:50
15:44:00,15:46:08,15:48:05,15:49:58,15:51:35,15:54:37,15:55:33,15:56:40,15:58:20,15:59:00,16:01:21,16:03:17,16:04:34,16:05:47,16:07:42,16:09:30,16:10:57,16:12:50
15:48:00,15:50:08,15:52:05,15:53:58,15:55:35,15:58:37,15:59:33,16:00:40,16:02:20,16:03:00,16:05:21,16:07:17,16:08:34,16:09:47,16:11:42,16:13:30,16:14:57,16:16:50
15:52:00,15:54:08,15:56:05,15:57:58,15:59:35,16:02:37,16:03:33,16:04:40,16:06:20,16:07:00,16:09:21,16:11:17,16:12:34,16:13:47,16:15:42,16:17:30,16:18:57,16:20:50
15:56:00,15:58:08,16:00:05,16:01:58,16:03:35,16:06:37,16:07:33,16:08:40,16:10:20,16:11:00,16:13:21,16:15:17,16:16:34,16:17:47,16:19:42,16:21:30,16:22:57,16:24:50
16:00:00,16:02:08,16:04:05,16:05:58,16:07:35,16:10:37,16:11:33,16:12:40,16:14:20,16:15:00,16:17:21,16:19:17,16:20:34,16:21:47,16:23:42,16:25:30,16:26:57,16:28:50
16:04:00,16:06:08,16:08:05,16:09:58,16:11:35,16:14:37,16:15:33,16:16:40,16:18:20,16:19:00,16:21:21,16:23:17,16:24:34,16:25:47,16:27:42,16:29:30,16:30:57,16:32:50
16:08:00,16:10:08,16:12:05,16:13:58,16:15:35,16:18:37,16:19:33,16:20:40,16:22:20,16:23:00,16:25:21,16:27:17,16:28:34,16:29:47,16:31:42,16:33:30,16:34:57,16:36:50
16:12:00,16:14:08,16:16:05,16:17:58,16:19:35,16:22:37,16:23:33,16:24:40,16:26:20,16:27:00,16:29:21,16:31:17,16:32:34,16:33:47,16:35:42,16:37:30,16:38:57,16:40:50
16:16:00,16:18:08,16:20:05,16:21:58,16:23:35,16:26:37,16:27:33,16:28:40,16:30:20,16:31:00,16:33:21,16:35:17,16:36:34,16:37:47,16:39:42,16:41:30,16:42:57,16:44:50
16:20:00,16:22:08,16:24:05,16:25:58,16:27:35,16:30:37,16:31:33,16:32:40,16:34:20,16:35:00,16:37:21,16:39:17,16:40:34,16:41:47,16:43:42,16:45:30,16:46:57,16:48:50
16:24:00,16:26:08,16:28:05,16:29:58,16:31:35,16:34:37,16:35:33,16:36:40,16:38:20,16:39:00,16:41:21,16:43:17,16:44:34,16:45:47,16:47:42,16:49:30,16:50:57,16:52:50
16:28:00,16:30:08,16:32:05,16:33:58,16:35:35,16:38:37,16:39:33,16:40:40,16:42:20,16:43:00,16:45:21,16:47:17,16:48:34,16:49:47,16:51:42,16:53:30,16:54:57,16:56:50
16:32:00,16:34:08,16:36:05,16:37:58,16:39:35,16:42:37,16:43:33,16:44:40,16:46:20,16:47:00,16:49:21,16:51:17,16:52:34,16:53:47,16:55:42,16:57:30,16:58:57,17:00:50
16:36:00,16:38:08,16:40:05,16:41:58,16:43:35,16:46:37,16:47:33,16:48:40,16:50:20,16:51:00,16:53:21,16:55:17,16:56:34,16:57:47,16:59:42,17:01:30,17:02:57,17:04:50
16:40:00,16:42:08,16:44:05,16:45:58,16:47:35,16:50:37,16:51:33,16:52:40,16:54:20,16:55:00,16:57:21,16:59:17,17:00:34,17:01:47,17:03:42,17:05:30,17:06:57,17:08:50
16:44:00,16:46:08,16:48:05,16:49:58,16:51:35,16:54:37,16:55:33,16:56:40,16:58:20,16:59:00,17:01:21,17:03:17,17:04:34,17:05:47,17:07:42,17:09:30,17:10:57,17:12:50
16:48:00,16:50:08,16:52:05,16:53:58,16:55:35,16:58:37,16:59:33,17:00:40,17:02:20,17:03:00,17:05:21,17:07:17,17:08:34,17:09:47,17:11:42,17:13:30,17:14:57,17:16:50
16:52:00,16:54:08,16:56:05,16:57:58,16:59:35,17:02:37,17:03:33,17:04:40,17:06:20,17:07:00,17:09:21,17:11:17,17:12:34,17:13:47,17:15:42,17:17:30,17:18:57,17:20:50
16:56:00,16:58:08,17:00:05,17:01:58,17:03:35,17:06:37,17:07:33,17:08:40,17:10:20,17:11:00,17:13:21,17:15:17,17:16:34,17:17:47,17:19:42,17:21:30,17:22:57,17:24:50
17:00:00,17:02:08,17:04:05,17:05:58,17:07:35,17:10:37,17:11:33,17:12:40,17:14:20,17:15:00,17:17:21,17:19:17,17:20:34,17:21:47,17:23:42,17:25:30,17:26:57,17:28:50
17:02:30,17:04:38,17:06:35,17:08:28,17:10:05,17:13:07,17:14:03,17:15:10,17:16:50,17:17:30,17:19:51,17:21:47,17:23:04,17:24:17,17:26:12,17:28:00,17:29:27,17:31:20
17:05:00,17:07:08,17:09:05,17:10:58,17:12:35,17:15:37,17:16:33,17:17:40,17:19:20,17:20:00,17:22:21,17:24:17,17:25:34,17:26:47,17:28:42,17:30:30,17:31:57,17:33:50
17:07:30,17:09:38,17:11:35,17:13:28,17:15:05,17:18:07,17:19:03,17:20:10,17:21:50,17:22:30,17:24:51,17:26:47,17:28:04,17:29:17,17:31:12,17:33:00,17:34:27,17:36:20
17:10:00,17:12:08,17:14:05,17:15:58,17:17:35,17:20:37,17:21:33,17:22:40,17:24:20,17:25:00,17:27:21,17:29:17,17:30:34,17:31:47,17:33:42,17:35:30,17:36:57,17:38:50
17:12:30,17:14:38,17:16:35,17:18:28,17:20:05,17:23:07,17:24:03,17:25:10,17:26:50,17:27:30,17:29:51,17:31:47,17:33:04,17:34:17,17:36:12,17:38:00,17:39:27,17:41:20
17:15:00,17:17:08,17:19:05,17:20:58,17:22:35,17:25:37,17:26:33,17:27:40,17:29:20,17:30:00,17:32:21,17:34:17,17:35:34,17:36:47,17:38:42,17:40:30,17:41:57,17:43:50
17:17:30,17:19:38,17:21:35,17:23:28,17:25:05,17:28:07,17:29:03,17:30:10,17:31:50,17:32:30,17:34:51,17:36:47,17:38:04,17:39:17,17:41:12,17:43:00,17:44:27,17:46:20
17:20:00,17:22:08,17:24:05,17:25:58,17:27:35,17:30:37,17:31:33,17:32:40,17:34:20,17:35:00,17:37:21,17:39:17,17:40:34,17:41:47,17:43:42,17:45:30,17:46:57,17:48:50
17:22:30,17:24:38,17:26:35,17:28:28,17:30:05,17:33:07,17:34:03,17:35:10,17:36:50,17:37:30,17:39:51,17:41:47,17:43:04,17:44:17,17:46:12,17:48:00,17:49:27,17:51:20
17:25:00,17:27:08,17:29:05,17:30:58,17:32:35,17:35:37,17:36:33,17:37:40,17:39:20,17:40:00,17:42:21,17:44:17,17:45:34,17:46:47,17:48:42,17:50:30,17:51:57,17:53:50
17:27:30,17:29:38,17:31:35,17:33:28,17:35:05,17:38:07,17:39:03,17:40:10,17:41:50,17:42:30,17:44:51,17:46:47,17:48:04,17:49:17,17:51:12,17:53:00,17:54:27,17:56:20
17:30:00,17:32:08,17:34:05,17:35:58,17:37:35,17:40:37,17:41:33,17:42:40,17:44:20,17:45:00,17:47:21,17:49:17,17:50:34,17:51:47,17:53:42,17:55:30,17:56:57,17:58:50
17:32:30,17:34:38,17:36:35,17:38:28,17:40:05,17:43:07,17:44:03,17:45:10,17:46:50,17:47:30,17:49:51,17:51:47,17:53:04,17:54:17,17:56:12,17:58:00,17:59:27,18:01:20
17:35:00,17:37:08,17:39:05,17:40:58,17:42:35,17:45:37,17:46:33,17:47:40,17:49:20,17:50:00,17:52:21,17:54:17,17:55:34,17:56:47,17:58:42,18:00:30,18:01:57,18:03:50
17:37:30,17:39:38,17:41:35,17:43:28,17:45:05,17:48:07,17:49:03,17:50:10,17:51:50,17:52:30,17:54:51,17:56:47,17:58:04,17:59:17,18:01:12,18:03:00,18:04:27,18:06:20
17:40:00,17:42:08,17:44:05,17:45:58,17:47:35,17:50:37,17:51:33,17:52:40,17:54:20,17:55:00,17:57:21,17:59:17,18:00:34,18:01:47,18:03:42,18:05:30,18:06:57,18:08:50
17:42:30,17:44:38,17:46:35,17:48:28,17:50:05,17:53:07,17:54:03,17:55:10,17:56:50,17:57:30,17:59:51,18:01:47,18:03:04,18:04:17,18:06:12,18:08:00,18:09:27,18:11:20
17:45:00,17:47:08,17:49:05,17:50:58,17:52:35,17:55:37,17:56:33,17:57:40,17:59:20,18:00:00,18:02:21,18:04:17,18:05:34,18:06:47,18:08:42,18:10:30,18:11:57,18:13:50
17:47:30,17:49:38,17:51:35,17:53:28,17:55:05,17:58:07,17:59:03,18:00:10,18:01:50,18:02:30,18:04:51,18:06:47,18:08:04,18:09:17,18:11:12,18:13:00,18:14:27,18:16:20
17:50:00,17:52:08,17:54:05,17:55:58,17:57:35,18:00:37,18:01:33,18:02:40,18:04:20,18:05:00,18:07:21,18:09:17,18:10:34,18:11:47,18:13:42,18:15:30,18:16:57,18:18:50
17:52:30,17:54:38,17:56:35,17:58:28,18:00:05,18:03:07,18:04:03,18:05:10,18:06:50,18:07:30,18:09:51,18:11:47,18:13:04,18:14:17,18:16:12,18:18:00,18:19:27,18:21:20
17:55:00,17:57:08,17:59:05,18:00:58,18:02:35,18:05:37,18:06:33,18:07:40,18:09:20,18:10:00,18:12:21,18:14:17,18:15:34,18:16:47,18:18:42,18:20:30,18:21:57,18:23:50
17:57:30,17:59:38,18:01:35,18:03:28,18:05:05,18:08:07,18:09:03,18:10:10,18:11:50,18:12:30,18:14:51,18:16:47,18:18:04,18:19:17,18:21:12,18:23:00,18:24:27,18:26:20
18:00:00,18:02:08,18:04:05,18:05:58,18:07:35,18:10:37,18:11:33,18:12:40,18:14:20,18:15:00,18:17:21,18:19:17,18:20:34,18:21:47,18:23:42,18:25:30,18:26:57,18:28:50
18:02:30,18:04:38,18:06:35,18:08:28,18:10:05,18:13:07,18:14:03,18:15:10,18:16:50,18:17:30,18:19:51,18:21:47,18:23:04,18:24:17,18:26:12,18:28:00,18:29:27,18:31:20
18:05:00,18:07:08,18:09:05,18:10:58,18:12:35,18:15:37,18:16:33,18:17:40,18:19:20,18:20:00,18:22:21,18:24:17,18:25:34,18:26:47,18:28:42,18:30:30,18:31:57,18:33:50
18:07:30,18:09:38,18:11:35,18:13:28,18:15:05,18:18:07,18:19:03,18:20:10,18:21:50,18:22:30,18:24:51,18:26:47,18:28:04,18:29:17,18:31:12,18:33:00,18:34:27,18:36:20
18:10:00,18:12:08,18:14:05,18:15:58,18:17:35,18:20:37,18:21:33,18:22:40,18:24:20,18:25:00,18:27:21,18:29:17,18:30:34,18:31:47,18:33:42,18:35:30,18:36:57,18:38:50
18:12:30,18:14:38,18:16:35,18:18:28,18:20:05,18:23:07,18:24:03,18:25:10,18:26:50,18:27:30,18:29:51,18:31:47,18:33:04,18:34:17,18:36:12,18:38:00,18:39:27,18:41:20
18:15:00,18:17:08,18:19:05,18:20:58,18:22:35,18:25:37,18:26:33,18:27:40,18:29:20,18:30:00,18:32:21,18:34:17,18:35:34,18:36:47,18:38:42,18:40:30,18:41:57,18:43:50
18:17:30,18:19:38,18:21:35,18:23:28,18:25:05,18:28:07,18:29:03,18:30:10,18:31:50,18:32:30,18:34:51,18:36:47,18:38:04,18:39:17,18:41:12,18:43:00,18:44:27,18:46:20
18:20:00,18:22:08,18:24:05,18:25:58,18:27:35,18:30:37,18:31:33,18:32:40,18:34:20,18:35:00,18:37:21,18:39:17,18:40:34,18:41:47,18:43:42,18:45:30,18:46:57,18:48:50
18:22:30,18:24:38,18:26:35,18:28:28,18:30:05,18:33:07,18:34:03,18:35:10,18:36:50,18:37:30,18:39:51,18:41:47,18:43:04,18:44:17,18:46:12,18:48:00,18:49:27,18:51:20
18:25:00,18:27:08,18:29:05,18:30:58,18:32:35,18:35:37,18:36:33,18:37:40,18:39:20,18:40:00,18:42:21,18:44:17,18:45:34,18:46:47,18:48:42,18:50:30,18:51:57,18:53:50
18:27:30,18:29:38,18:31:35,18:33:28,18:35:05,18:38:07,18:39:03,18:40:10,18:41:50,18:42:30,18:44:51,18:46:47,18:48:04,18:49:17,18:51:12,18:53:00,18:54:27,18:56:20
18:30:00,18:32:08,18:34:05,18:35:58,18:37:35,18:40:37,18:41:33,18:42:40,18:44:20,18:45:00,18:47:21,18:49:17,18:50:34,18:51:47,18:53:42,18:55:30,18:56:57,18:58:50
18:32:30,18:34:38,18:36:35,18:38:28,18:40:05,18:43:07,18:44:03,18:45:10,18:46:50,18:47:30,18:49:51,18:51:47,18:53:04,18:54:17,18:56:12,18:58:00,18:59:27,19:01:20
18:35:00,18:37:08,18:39:05,18:40:58,18:42:35,18:45:37,18:46:33,18:47:40,18:49:20,18:50:00,18:52:21,18:54:17,18:55:34,18:56:47,18:58:42,19:00:30,19:01:57,19:03:50
18:37:30,18:39:38,18:41:35,18:43:28,18:45:05,18:48:07,18:49:03,18:50:10,18:51:50,18:52:30,18:54:51,18:56:47,18:58:04,18:59:17,19:01:12,19:03:00,19:04:27,19:06:20
18:40:00,18:42:08,18:44:05,18:45:58,18:47:35,18:50:37,18:51:33,18:52:40,18:54:20,18:55:00,18:57:21,18:59:17,19:00:34,19:01:47,19:03:42,19:05:30,19:06:57,19:08:50
18:42:30,18:44:38,18:46:35,18:48:28,18:50:05,18:53:07,18:54:03,18:55:10,18:56:50,18:57:30,18:59:51,19:01:47,19:03:04,19:04:17,19:06:12,19:08:00,19:09:27,19:11:20
18:45:00,18:47:08,18:49:05,18:50:58,18:52:35,18:55:37,18:56:33,18:57:40,18:59:20,19:00:00,19:02:21,19:04:17,19:05:34,19:06:47,19:08:42,19:10:30,19:11:57,19:13:50
18:47:30,18:49:38,18:51:35,18:53:28,18:55:05,18:58:07,18:59:03,19:00:10,19:01:50,19:02:30,19:04:51,19:06:47,19:08:04,19:09:17,19:11:12,19:13:00,19:14:27,19:16:20
18:50:00,18:52:08,18:54:05,18:55:58,18:57:35,19:00:37,19:01:33,19:02:40,19:04:20,19:05:00,19:07:21,19:09:17,19:10:34,19:11:47,19:13:42,19:15:30,19:16:57,19:18:50
18:52:30,18:54:38,18:56:35,18:58:28,19:00:05,19:03:07,19:04:03,19:05:10,19:06:50,19:07:30,19:09:51,19:11:47,19:13:04,19:14:17,19:16:12,19:18:00,19:19:27,19:21:20
18:55:00,18:57:08,18:59:05,19:00:58,19:02:35,19:05:37,19:06:33,19:07:40,19:09:20,19:10:00,19:12:21,19:14:17,19:15:34,19:16:47,19:18:42,19:20:30,19:21:57,19:23:50
18:57:30,18:59:38,19:01:35,19:03:28,19:05:05,19:08:07,19:09:03,19:10:10,19:11:50,19:12:30,19:14:51,19:16:47,19:18:04,19:19:17,19:21:12,19:23:00,19:24:27,19:26:20
19:00:00,19:02:08,19:04:05,19:05:58,19:07:35,19:10:37,19:11:33,19:12:40,19:14:20,19:15:00,19:17:21,19:19:17,19:20:34,19:21:47,19:23:42,19:25:30,19:26:57,19:28:50
19:04:00,19:06:08,19:08:05,19:09:58,19:11:35,19:14:37,19:15:33,19:16:40,19:18:20,19:19:00,19:21:21,19:23:17,19:24:34,19:25:47,19:27:42,19:29:30,19:30:57,19:32:50
19:08:00,19:10:08,19:12:05,19:13:58,19:15:35,19:18:37,19:19:33,19:20:40,19:22:20,19:23:00,19:25:21,19:27:17,19:28:34,19:29:47,19:31:42,19:33:30,19:34:57,19:36:50
19:12:00,19:14:08,19:16:05,19:17:58,19:19:35,19:22:37,19:23:33,19:24:40,19:26:20,19:27:00,19:29:21,19:31:17,19:32:34,19:33:47,19:35:42,19:37:30,19:38:57,19:40:50
19:16:00,19:18:08,19:20:05,19:21:58,19:23:35,19:26:37,19:27:33,19:28:40,19:30:20,19:31:00,19:33:21,19:35:17,19:36:34,19:37:47,19:39:42,19:41:30,19:42:57,19:44:50
19:20:00,19:22:08,19:24:05,19:25:58,19:27:35,19:30:37,19:31:33,19:32:40,19:34:20,19:35:00,19:37:21,19:39:17,19:40:34,19:41:47,19:43:42,19:45:30,19:46:57,19:48:50
19:24:00,19:26:08,19:28:05,19:29:58,19:31:35,19:34:37,19:35:33,19:36:40,19:38:20,19:39:00,19:41:21,19:43:17,19:44:34,19:45:47,19:47:42,19:49:30,19:50:57,19:52:50
19:28:00,19:30:08,19:32:05,19:33:58,19:35:35,19:38:37,19:39:33,19:40:40,19:42:20,19:43:00,19:45:21,19:47:17,19:48:34,19:49:47,19:51:42,19:53:30,19:54:57,19:56:50
19:32:00,19:34:08,19:36:05,19:37:58,19:39:35,19:42:37,19:43:33,19:44:40,19:46:20,19:47:00,19:49:21,19:51:17,19:52:34,19:53:47,19:55:42,19:57:30,19:58:57,20:00:50
19:36:00,19:38:08,19:40:05,19:41:58,19:43:35,19:46:37,19:47:33,19:48:40,19:50:20,19:51:00,19:53:21,19:55:17,19:56:34,19:57:47,19:59:42,20:01:30,20:02:57,20:04:50
19:40:00,19:42:08,19:44:05,19:45:58,19:47:35,19:50:37,19:51:33,19:52:40,19:54:20,19:55:00,19:57:21,19:59:17,20:00:34,20:01:47,20:03:42,20:05:30,20:06:57,20:08:50
19:44:00,19:46:08,19:48:05,19:49:58,19:51:35,19:54:37,19:55:33,19:56:40,19:58:20,19:59:00,20:01:21,20:03:17,20:04:34,20:05:47,20:07:42,20:09:30,20:10:57,20:12:50
19:48:00,19:50:08,19:52:05,19:53:58,19:55:35,19:58:37,19:59:33,20:00:40,20:02:20,20:03:00,20:05:21,20:07:17,20:08:34,20:09:47,20:11:42,20:13:30,20:14:57,20:16:50
19:52:00,19:54:08,19:56:05,19:57:58,19:59:35,20:02:37,20:03:33,20:04:40,20:06:20,20:07:00,20:09:21,20:11:17,20:12:34,20:13:47,20:15:42,20:17:30,20:18:57,20:20:50
19:56:00,19:58:08,20:00:05,20:01:58,20:03:35,20:06:37,20:07:33,20:08:40,20:10:20,20:11:00,20:13:21,20:15:17,20:16:34,20:17:47,20:19:42,20:21:30,20:22:57,20:24:50
20:00:00,20:02:08,20:04:05,20:05:58,20:07:35,20:10:37,20:11:33,20:12:40,20:14:20,20:15:00,20:17:21,20:19:17,20:20:34,20:21:47,20:23:42,20:25:30,20:26:57,20:28:50
20:04:00,20:06:08,20:08:05,20:09:58,20:11:35,20:14:37,20:15:33,20:16:40,20:18:20,20:19:00,20:21:21,20:23:17,20:24:34,20:25:47,20:27:42,20:29:30,20:30:57,20:32:50
20:08:00,20:10:08,20:12:05,20:13:58,20:15:35,20:18:37,20:19:33,20:20:40,20:22:20,20:23:00,20:25:21,20:27:17,20:28:34,20:29:47,20:31:42,20:33:30,20:34:57,20:36:50
20:12:00,20:14:08,20:16:05,20:17:58,20:19:35,20:22:37,20:23:33,20:24:40,20:26:20,20:27:00,20:29:21,20:31:17,20:32:34,20:33:47,20:35:42,20:37:30,20:38:57,20:40:50
20:16:00,20:18:08,20:20:05,20:21:58,20:23:35,20:26:37,20:27:33,20:28:40,20:30:20,20:31:00,20:33:21,20:35:17,20:36:34,20:37:47,20:39:42,20:41:30,20:42:57,20:44:50
20:20:00,20:22:08,20:24:05,20:25:58,20:27:35,20:30:37,20:31:33,20:32:40,20:34:20,20:35:00,20:37:21,20:39:17,20:40:34,20:41:47,20:43:42,20:45:30,20:46:57,20:48:50
20:24:00,20:26:08,20:28:05,20:29:58,20:31:35,20:34:37,20:35:33,20:36:40,20:38:20,20:39:00,20:41:21,20:43:17,20:44:34,20:45:47,20:47:42,20:49:30,20:50:57,20:52:50
20:28:00,20:30:08,20:32:05,20:33:58,20:35:35,20:38:37,20:39:33,20:40:40,20:42:20,20:43:00,20:45:21,20:47:17,20:48:34,20:49:47,20:51:42,20:53:30,20:54:57,20:56:50
20:32:00,20:34:08,20:36:05,20:37:58,20:39:35,20:42:37,20:43:33,20:44:40,20:46:20,20:47:00,20:49:21,20:51:17,20:52:34,20:53:47,20:55:42,20:57:30,20:58:57,21:00:50
20:36:00,20:38:08,20:40:05,20:41:58,20:43:35,20:46:37,20:47:33,20:48:40,20:50:20,20:51:00,20:53:21,20:55:17,20:56:34,20:57:47,20:59:42,21:01:30,21:02:57,21:04:50
20:40:00,20:42:08,20:44:05,20:45:58,20:47:35,20:50:37,20:51:33,20:52:40,20:54:20,20:55:00,20:57:21,20:59:17,21:00:34,21:01:47,21:03:42,21:05:30,21:06:57,21:08:50
20:44:00,20:46:08,20:48:05,20:49:58,20:51:35,20:54:37,20:55:33,20:56:40,20:58:20,20:59:00,21:01:21,21:03:17,21:04:34,21:05:47,21:07:42,21:09:30,21:10:57,21:12:50
20:48:00,20:50:08,20:52:05,20:53:58,20:55:35,20:58:37,20:59:33,21:00:40,21:02:20,21:03:00,21:05:21,21:07:17,21:08:34,21:09:47,21:11:42,21:13:30,21:14:57,21:16:50
20:52:00,20:54:08,20:56:05,20:57:58,20:59:35,21:02:37,21:03:33,21:04:40,21:06:20,21:07:00,21:09:21,21:11:17,21:12:34,21:13:47,21:15:42,21:17:30,21:18:57,21:20:50
20:56:00,20:58:08,21:00:05,21:01:58,21:03:35,21:06:37,21:07:33,21:08:40,21:10:20,21:11:00,21:13:21,21:15:17,21:16:34,21:17:47,21:19:42,21:21:30,21:22:57,21:24:50
21:00:00,21:02:08,21:04:05,21:05:58,21:07:35,21:10:37,21:11:33,21:12:40,21:14:20,21:15:00,21:17:21,21:19:17,21:20:34,21:21:47,21:23:42,21:25:30,21:26:57,21:28:50
21:05:00,21:07:08,21:09:05,21:10:58,21:12:35,21:15:37,21:16:33,21:17:40,21:19:20,21:20:00,21:22:21,21:24:17,21:25:34,21:26:47,21:28:42,21:30:30,21:31:57,21:33:50
21:10:00,21:12:08,21:14:05,21:15:58,21:17:35,21:20:37,21:21:33,21:22:40,21:24:20,21:25:00,21:27:21,21:29:17,21:30:34,21:31:47,21:33:42,21:35:30,21:36:57,21:38:50
21:15:00,21:17:08,21:19:05,21:20:58,21:22:35,21:25:37,21:26:33,21:27:40,21:29:20,21:30:00,21:32:21,21:34:17,21:35:34,21:36:47,21:38:42,21:40:30,21:41:57,21:43:50
21:20:00,21:22:08,21:24:05,21:25:58,21:27:35,21:30:37,21:31:33,21:32:40,21:34:20,21:35:00,21:37:21,21:39:17,21:40:34,21:41:47,21:43:42,21:45:30,21:46:57,21:48:50
21:25:00,21:27:08,21:29:05,21:30:58,21:32:35,21:35:37,21:36:33,21:37:40,21:39:20,21:40:00,21:42:21,21:44:17,21:45:34,21:46:47,21:48:42,21:50:30,21:51:57,21:53:50
21:30:00,21:32:08,21:34:05,21:35:58,21:37:35,21:40:37,21:41:33,21:42:40,21:44:20,21:45:00,21:47:21,21:49:17,21:50:34,21:51:47,21:53:42,21:55:30,21:56:57,21:58:50
21:35:00,21:37:08,21:39:05,21:40:58,21:42:35,21:45:37,21:46:33,21:47:40,21:49:20,21:50:00,21:52:21,21:54:17,21:55:34,21:56:47,21:58:42,22:00:30,22:01:57,22:03:50
21:40:00,21:42:08,21:44:05,21:45:58,21:47:35,21:50:37,21:51:33,21:52:40,21:54:20,21:55:00,21:57:21,21:59:17,22:00:34,22:01:47,22:03:42,22:05:30,22:06:57,22:08:50
21:45:00,21:47:08,21:49:05,21:50:58,21:52:35,21:55:37,21:56:33,21:57:40,21:59:20,22:00:00,22:02:21,22:04:17,22:05:34,22:06:47,22:08:42,22:10:30,22:11:57,22:13:50
21:50:00,21:52:08,21:54:05,21:55:58,21:57:35,22:00:37,22:01:33,22:02:40,22:04:20,22:05:00,22:07:21,22:09:17,22:10:34,22:11:47,22:13:42,22:15:30,22:16:57,22:18:50
21:55:00,21:57:08,21:59:05,22:00:58,22:02:35,22:05:37,22:06:33,22:07:40,22:09:20,22:10:00,22:12:21,22:14:17,22:15:34,22:16:47,22:18:42,22:20:30,22:21:57,22:23:50
22:00:00,22:02:08,22:04:05,22:05:58,22:07:35,22:10:37,22:11:33,22:12:40,22:14:20,22:15:00,22:17:21,22:19:17,22:20:34,22:21:47,22:23:42,22:25:30,22:26:57,22:28:50
22:07:00,22:09:08,22:11:05,22:12:58,22:14:35,22:17:37,22:18:33,22:19:40,22:21:20,22:22:00,22:24:21,22:26:17,22:27:34,22:28:47,22:30:42,22:32:30,22:33:57,22:35:50
22:14:00,22:16:08,22:18:05,22:19:58,22:21:35,22:24:37,22:25:33,22:26:40,22:28:20,22:29:00,22:31:21,22:33:17,22:34:34,22:35:47,22:37:42,22:39:30,22:40:57,22:42:50
22:21:00,22:23:08,22:25:05,22:26:58,22:28:35,22:31:37,22:32:33,22:33:40,22:35:20,22:36:00,22:38:21,22:40:17,22:41:34,22:42:47,22:44:42,22:46:30,22:47:57,22:49:50
22:28:00,22:30:08,22:32:05,22:33:58,22:35:35,22:38:37,22:39:33,22:40:40,22:42:20,22:43:00,22:45:21,22:47:17,22:48:34,22:49:47,22:51:42,22:53:30,22:54:57,22:56:50
22:35:00,22:37:08,22:39:05,22:40:58,22:42:35,22:45:37,22:46:33,22:47:40,22:49:20,22:50:00,22:52:21,22:54:17,22:55:34,22:56:47,22:58:42,23:00:30,23:01:57,23:03:50
22:42:00,22:44:08,22:46:05,22:47:58,22:49:35,22:52:37,22:53:33,22:54:40,22:56:20,22:57:00,22:59:21,23:01:17,23:02:34,23:03:47,23:05:42,23:07:30,23:08:57,23:10:50
22:49:00,22:51:08,22:53:05,22:54:58,22:56:35,22:59:37,23:00:33,23:01:40,23:03:20,23:04:00,23:06:21,23:08:17,23:09:34,23:10:47,23:12:42,23:14:30,23:15:57,23:17:50
22:56:00,22:58:08,23:00:05,23:01:58,23:03:35,23:06:37,23:07:33,23:08:40,23:10:20,23:11:00,23:13:21,23:15:17,23:16:34,23:17:47,23:19:42,23:21:30,23:22:57,23:24:50
23:03:00,23:05:08,23:07:05,23:08:58,23:10:35,23:13:37,23:14:33,23:15:40,23:17:20,23:18:00,23:20:21,23:22:17,23:23:34,23:24:47,23:26:42,23:28:30,23:29:57,23:31:50
23:10:00,23:12:08,23:14:05,23:15:58,23:17:35,23:20:37,23:21:33,23:22:40,23:24:20,23:25:00,23:27:21,23:29:17,23:30:34,23:31:47,23:33:42,23:35:30,23:36:57,23:38:50
23:17:00,23:19:08,23:21:05,23:22:58,23:24:35,23:27:37,23:28:33,23:29:40,23:31:20,23:32:00,23:34:21,23:36:17,23:37:34,23:38:47,23:40:42,23:42:30,23:43:57,23:45:50
23:24:00,23:26:08,23:28:05,23:29:58,23:31:35,23:34:37,23:35:33,23:36:40,23:38:20,23:39:00,23:41:21,23:43:17,23:44:34,23:45:47,23:47:42,23:49:30,23:50:57,23:52:50
23:31:00,23:33:08,23:35:05,23:36:58,23:38:35,23:41:37,23:42:33,23:43:40,23:45:20,23:46:00,23:48:21,23:50:17,23:51:34,23:52:47,23:54:42,23:56:30,23:57:57,23:59:50
23:38:00,23:40:08,23:42:05,23:43:58,23:45:35,23:48:37,23:49:33,23:50:40,23:52:20,23:53:00,23:55:21,23:57:17,23:58:34,23:59:47,24:01:42,24:03:30,24:04:57,24:06:50
23:45:00,23:47:08,23:49:05,23:50:58,23:52:35,23:55:37,23:56:33,23:57:40,23:59:20,24:00:00,24:02:21,24:04:17,24:05:34,24:06:47,24:08:42,24:10:30,24:11:57,24:13:50
23:52:00,23:54:08,23:56:05,23:57:58,23:59:35,24:02:37,24:03:33,24:04:40,24:06:20,24:07:00,24:09:21,24:11:17,24:12:34,24:13:47,24:15:42,24:17:30,24:18:57,24:20:50
23:59:00,24:01:08,24:03:05,24:04:58,24:06:35,24:09:37,24:10:33,24:11:40,24:13:20,24:14:00,24:16:21,24:18:17,24:19:34,24:20:47,24:22:42,24:24:30,24:25:57,24:27:50
24:06:00,24:08:08,24:10:05,24:11:58,24:13:35,24:16:37,24:17:33,24:18:40,24:20:20,24:21:00,24:23:21,24:25:17,24:26:34,24:27:47,24:29:42,24:31:30,24:32:57,24:34:50
24:13:00,24:15:08,24:17:05,24:18:58,24:20:35,24:23:37,24:24:33,24:25:40,24:27:20,24:28:00,24:30:21,24:32:17,24:33:34,24:34:47,24:36:42,24:38:30,24:39:57,24:41:50
24:20:00,24:22:08,24:24:05,24:25:58,24:27:35,24:30:37,24:31:33,24:32:40,24:34:20,24:35:00,24:37:21,24:39:17,24:40:34,24:41:47,24:43:42,24:45:30,24:46:57,24:48:50
24:27:00,24:29:08,24:31:05,24:32:58,24:34:35,24:37:37,24:38:33,24:39:40,24:41:20,24:42:00,24:44:21,24:46:17,24:47:34,24:48:47,24:50:42,24:52:30,24:53:57,24:55:50
24:34:00,24:36:08,24:38:05,24:39:58,24:41:35,24:44:37,24:45:33,24:46:40,24:48:20,24:49:00,24:51:21,24:53:17,24:54:34,24:55:47,24:57:42,24:59:30,25:00:57,25:02:50
